date,headline
2014-06-15,"Out of Desert Dust, a Miracle on a Shoestring"
2014-06-18,Elon Muskâ€™s Halo Effect
2014-07-31,Tesla and Panasonic Agree to Build Factory in U.S.
2014-09-04,Nevada and Tesla Hint at Site of Factory
2014-09-05,Nevada a Winner in Teslaâ€™s Battery Contest
2014-09-12,"Nevada Woos Tesla Plant in Tax Deal, but Economic Benefits Prompt Debate"
2014-09-17,A Bezos Company Will Make Engines for Rockets
2014-09-18,Daily Report: Space Race Between Billionaires Heats Up as Bezos Venture Seeks Foothold
2014-10-04,Appleâ€™s Irish Luck
2014-10-11,Tesla Announces a Quicker Dual-Motor Model With All-Wheel Drive
2014-10-22,Daimler Expects $780 Million Gain on Sale of Tesla Motors Stake
2014-10-27,Tesla Announces a New Leasing Package for Its Electric Cars
2014-10-27,Venture Capital Firm Invests in Start-Ups With a Social Mission
2014-11-06,"Tesla Reports Loss, but Beats Wall Street Expectations"
2015-01-14,Tesla Chief Asks Makers to Support Electric Cars
2015-01-14,Readers Sound Off to Public Editor on Decision Not to Publish Cartoons
2015-01-21,SpaceX Is a Throwback to the 1990s
2015-02-10,Lurching Start for Tesla in China
2015-02-11,Daily Report: Teslaâ€™s Rough Road Into China
2015-02-12,"Tesla Motors Met Its Output Goal, but Showed a 4th-Quarter Loss"
2015-03-19,Elon Musk Says Self-Driving Tesla Cars Will Be in the U.S. by Summer
2015-04-11, The Value of a Classic in a Turbocharged World
2015-04-26,"For Jeb Bush Donors, Yoga Mats and Tesla Brochures"
2015-04-27,"Apple Earnings, Automaker Results and New Products From Tesla"
2015-04-28,Elon Muskâ€™s Ex-Wife on What It Takes to Be a Mogul
2015-04-28,Morning Agenda: What Makes a Mogul
2015-05-01,Tesla Ventures Into Solar Power Storage for Home and Business
2015-05-01,Who Is Teslaâ€™s Home Battery For?
2015-05-03,Earnings From Tesla; Volkswagenâ€™s Annual Meeting
2015-05-07,"Losses Widen at Tesla, but Company Says Production Is on Track "
2015-05-12,"â€˜Elon Musk,â€™ by Ashlee Vance"
2015-05-12,"â€˜Elon Musk,â€™ a Biography by Ashlee Vance, Paints a Driven Portrait"
2015-05-13,"With Tesla Entering Market, Hopes for Home Batteries Grow"
2015-05-25,"Relax, the Terminator Is Far Away"
2015-05-29,Cedar Lake Contemporary Ballet Will Take Final Bow at BAM
2015-06-04,New Research Says Robots Are Unlikely to Eat Our Jobs
2015-06-15,Elon Musk Wants Your Hyperloop Ideas
2015-06-15,Elon Musk Wants Your Hyperloop Ideas
2015-06-26,The Bad Behavior of Visionary Leaders
2015-07-11,The Real Threat Posed by Powerful Computers
2015-07-28,Elon Musk and Stephen Hawking Among Hundreds to Urge Ban on Military Robots
2015-08-03,"Greeceâ€™s Market Reopens, European Banks Report Results, and Tesla Announces Earnings"
2015-08-05,"Tesla Motors Trims Delivery Outlook, Sending Stock Down"
2015-08-08,Regulators Should Develop Rules to Protect Cars From Hackers
2015-08-13,Tesla Drivers Will Soon Find More Charging Stations in Manhattan
2015-08-15,"Betting on a Smooth Ride, Investors Flock to Tesla "
2015-08-17,Robot Weapons: Whatâ€™s the Harm?
2015-08-20,Tesla Stations at Airbnb Locations
2015-08-21,"â€˜Machines of Loving Grace,â€™ by John Markoff"
2015-08-28,Consumer Reports Gives New Tesla Its Highest Score Ever
2015-08-29,The Tesla Cheerleader
2015-09-15,"Porsche, Aiming at Tesla, Unveils Electric Concept Car"
2015-09-28,"Data on Spending, Trevor Noah Starts and Tesla Unveils an S.U.V."
2015-09-28,Momentum Grows for Jack Dorsey to Be Twitterâ€™s Permanent C.E.O.
2015-09-30,"Tesla Delivers Model X, Its First Sport Utility Vehicle"
2015-10-06,What Is Going On on Mars? Notes From a Times Science Reporter
2015-10-15,Tesla Adds High-Speed Autonomous Driving to Its Bag of Tricks
2015-10-15,"Hands-Free, on the Highway"
2015-10-20,Consumer Reports Stops Recommending the Tesla 
2015-11-04,"Elon Musk Says Never Mind the Hiccups, Tesla Is on Track"
2015-11-30,AppDynamics Expected to Announce Raising of $158 Million
2015-12-07,Review: Tesla Quartet Captures Playful Charms of Caroline Shaw
2016-01-14,"From Tesla, a New Car Smell That Vegans Can Get Behind"
2016-01-19,"Breaking Things on the Path to Breakthroughs, from Rocket Stages to Balsa Bridges"
2016-02-18,CUNY Schools to Lure Foreign Entrepreneurs With New Visa Program
2016-02-24,A New Home for Pace Gallery in Palo Alto
2016-04-01,Tesla Model 3 Orders Surge Even Before Its Unveiling
2016-04-01,"Your Friday Briefing: Nuclear Security Summit, Tesla Motors, Zaha Hadid"
2016-04-01,Teslaâ€™s New Model 3 Jump-Starts Demand for Electric Cars
2016-04-07,"Teslaâ€™s Model 3 Already Has 325,000 Preorders"
2016-04-11,Tesla Recalls Model X S.U.V.s
2016-04-13,Fordâ€™s Planned New Headquarters Borrow Some Silicon Valley Sheen
2016-05-03,The Rolex Daytona is the Hottest Watch That Money Canâ€™t Buy
2016-05-05,Tesla Says It Will Sharply Ramp Up Production of Model 3
2016-05-05,"Review: In â€˜Captain America: Civil War,â€™ Super-Bro Against Super-Bro"
2016-05-18,Natural Beauty 2.0: Credo Comes to Town
2016-05-19,Tesla to Sell $2 Billion in Shares to Bolster Model 3 Output
2016-06-01,Tesla Comes to Brooklyn
2016-06-09,Tesla Model S Suspension Failures Under Scrutiny by Safety Agency
2016-06-10,"For Tesla Owner, Losing a Wheel Was Just the First Surprise"
2016-06-22,Elon Musk Aims to Shore Up SolarCity by Having Tesla Buy It
2016-06-22,Morning Agenda: Elon Musk Wants to Merge SolarCity With Tesla
2016-06-22,Teslaâ€™s Plan to Buy SolarCity Has Major Flaws
2016-06-23,Testing the Clean-Energy Logic of a Tesla-SolarCity Merger
2016-06-25,Artificial Intelligenceâ€™s White Guy Problem
2016-06-30,"Self-Driving Tesla Was Involved in Fatal Crash, U.S. Says"
2016-07-01,Daily Report: Tesla Driver Dies in â€˜Autopilotâ€™ Accident
2016-07-01,Tesla Fans Show Off Their Cars
2016-07-01,Inside the Self-Driving Tesla Fatal Accident
2016-07-02,"Joshua Brown, Who Died in Self-Driving Accident, Tested Limits of His Tesla"
2016-07-02,A Fatality Forces Tesla to Confront Its Limits
2016-07-04,Tesla and Google Take Different Roads to Self-Driving Car
2016-07-07,U.S. Safety Agency Investigates Another Tesla Crash Involving Autopilot
2016-07-07,Makers of Self-Driving Cars Ask What to Do With Human Nature
2016-07-09,Silicon Valley-Driven Hype for Self-Driving Cars
2016-07-10,Fatal Tesla Crash Draws In Transportation Safety Board
2016-07-11,Lessons From the Tesla Crash
2016-07-12,Morning Agenda:  S.E.C. Said to Be Investigating Tesla
2016-07-12,Regulators Ask Tesla About Autopilot
2016-07-12,"As U.S. Investigates Fatal Tesla Crash, Company Defends Autopilot System"
2016-07-12,Hyperloop One Co-Founder Claims Harassment in Lawsuit
2016-07-14,Be Your Own Tesla
2016-07-16,"The Tesla Experiment: Drive, It Said"
2016-07-21,Morning Agenda: Teslaâ€™s New Grand Plan
2016-07-21,"Elon Muskâ€™s Tesla Plan: More Models, More Self-Driving"
2016-07-21,Elon Muskâ€™s Futuristic Plans Give Shareholders Cause to Worry
2016-07-22,Testing Sites for Self-Driving Cars Become a Priority
2016-07-23,Farhadâ€™s and Mikeâ€™s Week in Tech: The Master Plans of SoftBank and Elon Musk
2016-07-24,Elon Musk of Tesla Sticks to Mission Despite Setbacks
2016-07-24,"Elon Musk, a Serial Entrepreneur"
2016-07-29,"Tesla Faults Brakes, but Not Autopilot, in Fatal Crash"
2016-08-01,"Theranos Damage Control, Tesla Earnings and the Jobs Report"
2016-08-01,"In Tesla and SolarCity Deal, a Glimpse of Muskâ€™s Clean-Energy Aspirations"
2016-08-01,Tesla-SolarCity Deal Could Distract the Carmaker
2016-08-03,Teslaâ€™s Big Loss Reflects Its Costly Ambitions
2016-08-04,"Everyone Despises SolarCity Deal, Except Tesla Shareholders"
2016-09-01,SpaceX Rocket Explodes at Launchpad in Cape Canaveral
2016-09-01,"Big Carmakers Merge, Cautiously, Into the Self-Driving Lane"
2016-09-02,Lawyers Burnish Teslaâ€™s Deal for SolarCity
2016-09-06,"Elon Muskâ€™s Solar Vision, Up for a Dicey Vote"
2016-09-11,Elon Musk Says Pending Tesla Updates Could Have Prevented Fatal Crash
2016-09-13,Fordâ€™s Driverless Car Plan: Embrace Tech and Go Slow
2016-09-14,How Did G.M. Create Teslaâ€™s Dream Car First?
2016-09-14,Autopilot Cited in Death of Chinese Tesla Driver
2016-09-19,A Lesson of Tesla Crashes? Computer Vision Canâ€™t Do It All Yet
2016-09-20,How Tesla and Apple Could Be Good for Each Other
2016-09-23,Tesla Upgrades Autopilot in Cars on the Road
2016-09-23,Can Teslaâ€™s Autopilot Be Trusted? Not Always
2016-09-27,"Elon Muskâ€™s Plan: Get Humans to Mars, and Beyond"
2016-09-30,Rick Owens Takes Fashion to Another Dimension
2016-10-03,"Ushering in a Safe, Driverless Future"
2016-10-05,A Trip to Mars
2016-10-20,"Tesla Will Make Its Cars Fully Self-Driving, but Not Turn the System On Yet"
2016-10-23,Apple and Tesla to Report Earnings
2016-10-27,Tesla Motors Profit Surprises Investors Ahead of Merger Vote
2016-11-04,Teslaâ€™s Bid for SolarCity Gets Support From Shareholder Adviser
2016-11-04,Elon Musk Says SpaceX Rocket Launches Might Resume Next Month
2016-11-08,Silicon Valley Style Puts Gloss on Teslaâ€™s Bid for SolarCity
2016-11-16,"Frank Ocean Is Finally Free, Mystery Intact"
2016-11-17,Tesla and SolarCity Shareholders Approve Merger
2016-11-18,"Morning Agenda: Drug Kickback Charges, Unqualified Princelings, Tesla-SolarCity Vote"
2016-11-18,Elon Musk Faces Epic Juggling Act After Tesla-SolarCity Deal
2016-12-06,"Want to Bring Back Jobs, Mr. President-Elect? Call Elon Musk"
2016-12-06,"Morning Agenda: Italy Adds to Unknowns, Paging Elon Musk, Elliottâ€™s Diplomacy"
2016-12-09,Nina Jacobson Has Her Revenge on Hollywoodâ€™s Old-Boy Network
2017-01-14,"SpaceX Launches Rocket, Its First Since Explosion on Launchpad"
2017-01-20,Teslaâ€™s Self-Driving System Cleared in Deadly Crash
2017-01-26,Chinaâ€™s Answer to Tesla Is Hopeful Entrant to Global Car Market
2017-01-26,"Elon Musk Has Trumpâ€™s Ear, and Wall Street Takes Note"
2017-01-27,Daily Report: Elon Muskâ€™s Unlikely Bond With Donald Trump
2017-01-30,Tesla Gives the California Power Grid a Battery Boost
2017-02-01,Tesla S Falls Short of Luxury Rivals on Tougher Safety Test
2017-02-19,SpaceX Launches Rocket to International Space Station
2017-02-27,SpaceX Plans to Send 2 Tourists Around Moon in 2018
2017-03-17,Teslaâ€™s $1 Billion Cash Raise May Fall Short
2017-03-28,Trumpâ€™s Take on Corporate Tax Rate Could Look Very Much Like Obamaâ€™s
2017-03-28,Tencent of China Takes 5 Percent Stake in Tesla
2017-04-03,Tesla Reports Jump in Vehicle Production but Aims for Much More
2017-04-04,Tesla Passes Ford in Market Value as Investors Bet on the Future
2017-04-04,"Russia, Donald Trump, Tesla: Your Tuesday Briefing"
2017-04-06,Tesla Has Something Hotter Than Cars to Sell: Its Story
2017-04-10,"Tesla Hits a New Milestone, Passing G.M. in Valuation"
2017-04-11,G.M. Takes a Back Seat to Tesla as Americaâ€™s Most Valued Carmaker
2017-04-11,Teslaâ€™s Rise on a Wave of Shareholder Optimism
2017-04-12,Teslaâ€™s Market Surge Has Even Fans Looking for Feet of Clay
2017-05-03,"Tesla, Reporting Bigger Loss, Emphasizes Gains in Production and Sales"
2017-05-04,2017 Could Prove to Be a Turning Point for Plug-In Hybrids
2017-06-06,G.M. and Tesla Shareholders Rebuff Dissidentsâ€™ Proposals
2017-06-22,Tesla in Talks to Set Up Electric Car Factory in Shanghai
2017-06-22,"James Comey, Tesla, Qatar Airways: Your Morning Briefing"
2017-07-03,"Teslaâ€™s First Mass-Market Car, the Model 3, Hits Production This Week"
2017-07-03,"CNN, Chris Christie, Tesla: Your Monday Briefing"
2017-07-06,Tesla Loses No. 1 Spot in Market Value Among U.S. Automakers
2017-07-07,Tesla to Install Worldâ€™s Largest Lithium-Ion Battery in Australia. Also: Reactions to North Korea.
2017-07-07,Connecticut Should Be Tesla Country
2017-07-07,"G-20, Penn Station, Tesla: Your Friday Briefing"
2017-07-09,"Mosul, G-20, Tesla: Your Morning Briefing"
2017-07-20,29 Minutes From New York to Washington? Elon Musk Teases a New Hyperloop
2017-07-27,SpaceX Is Now One of the Worldâ€™s Most Valuable Privately Held Companies
2017-07-29,"In Pivotal Moment, Tesla Unveils Its First Mass-Market Sedan"
2017-08-02,Elon Musk Reassures Investors as Tesla Ramps Up Model 3 Output
2017-08-04,A San Francisco Restaurant Serving Hawaiian Cuisine (Hold the Pineapple)
2017-08-07,Why Tesla Motors Is Fueling Up on Debt
2017-08-10,Why Even the Hyperloop Probably Wouldnâ€™t Change Your Commute Time
2017-08-13,Teaching A.I. Systems to Behave Themselves
2017-09-02,How to Regulate Artificial Intelligence
2017-09-12,"Tesla Boosts Car Battery Power During Irma, Raising Questions of Control"
2017-09-12,Tesla Self-Driving System Faulted by Safety Agency in Crash
2017-09-28,Elon Muskâ€™s Mars Vision: A One-Size-Fits-All Rocket. A Very Big One.
2017-09-29,"Puerto Rico, Elon Musk, Julia Louis-Dreyfus: Your Friday Briefing"
2017-09-29,"Elon Muskâ€™s New Rocket Plan, Tax Overhaul Pushback: DealBook Briefing"
2017-09-29,"Tom Price, Rohingya People, Elon Musk: Your Friday Evening Briefing"
2017-10-02,"From Mars, That Dress Looks Awesome"
2017-10-14,Tesla Fires Hundreds of Workers
2017-10-14,Would You Buy a Self-Driving Future From These Guys?
2017-10-17,How Valuable Is a Unicorn? Maybe Not as Much as It Claims to Be
2017-10-23,Tesla Plant in China May Be a First
2017-10-27,"Teslaâ€™s Tiered Pricing Is a Hurdle, but a Fair One"
2017-11-01,Teslaâ€™s Elon Musk Reassures Investors Over Model 3 Delays
2017-11-07,A.I. Researchers Leave Elon Musk Lab to Begin Robotics Start-Up
2017-11-07,Teslaâ€™s Dangerous Sprint Into the Future
2017-11-13,Steve Jurvetson Quits Venture Capital Firm Amid Investigation
2017-11-17,Tesla Unveils an Electric Rival to Semi Trucks
2017-11-17,"Al Franken, Tesla, â€˜Justice Leagueâ€™: Your Friday Briefing"
2017-11-21,New & Noteworthy
2017-11-23,A Tesla Too Pricey? E-Bikes Offer Entry-Level Electric Transportation
2017-11-30,Australia Powers Up the Worldâ€™s Biggest Battery â€” Courtesy of Elon Musk
2017-12-13,China Names and Shames Tech Tycoon With Debt Blacklist
2017-12-30,"Tesla the Car Is a Household Name. Long Ago, So Was Nikola Tesla."
2018-01-02,Whatâ€™s on TV Tuesday: â€˜Teslaâ€™s Death Rayâ€™ and Near East Relief
2018-01-03,Tesla Pushes Back Its Model 3 Targets Again: DealBook Briefing
2018-01-04,"Tesla Reports New Setback for Model 3, With Output Lagging"
2018-01-11,"Electric Vehicle Tax Credit Survives, but G.M. and Tesla Arenâ€™t Cheering"
2018-01-13,Everyone Is Getting Hilariously Rich and Youâ€™re Not
2018-01-23,Teslaâ€™s Elon Musk May Have Boldest Pay Plan in Corporate History
2018-01-23,Teslaâ€™s Targets for Elon Musk Would Put His Pay in Orbit
2018-02-07,DealBook Briefing: Teslaâ€™s Mass Market Hopes May Remain Elusive
2018-02-07,"North Korea, Tesla, Taiwan: Your Thursday Briefing"
2018-02-07,"Tesla Model 3, Elon Muskâ€™s Grail, Remains a Costly Pursuit"
2018-02-09,"Farhadâ€™s Week in Tech: HomePod Whiffs, but Elon Musk Does Not"
2018-02-12,SpaceX and Tesla Go Into Orbit
2018-03-06,"Porsche Positions Itself Against Tesla, on the Road and Beside It"
2018-03-23,Elon Musk Joins #DeleteFacebook With a Barrage of Tweets
2018-03-29,Tesla Looked Like the Future. Now Some Ask if It Has One.
2018-03-31,Tesla Says Crashed Vehicle Had Been on Autopilot Before Fatal Accident
2018-03-31,Fatal Tesla Crash Raises New Questions About Autopilot System
2018-04-02,Elon Musk Makes Light of Teslaâ€™s Troubles in April Foolâ€™s Tweets
2018-04-03,"For Tesla, â€˜Production Hellâ€™ Looks Like the Reality of the Car Business"
2018-04-04,Teslaâ€™s Manufacturing â€˜Hellâ€™ Wonâ€™t Slow Down Electric Cars
2018-04-05,"With Tesla in a Danger Zone, Can Model 3 Carry It to Safety?"
2018-04-09,Elon Musk Likes It Here. Will Other Tech Innovators Follow?
2018-04-16,"Noam Chomsky, Elon Musk and Ayn Rand Walk Into a Puppet Show"
2018-04-17,Tesla to Halt Production of Model 3 Cars Temporarily
2018-04-20,Tesla Factory Safety Under Scrutiny After Worker Is Injured
2018-04-24,"In This Space Race, Jeff Bezos and Elon Musk Are Competing to Take You There"
2018-04-29,He Drove a Tesla on Autopilot From the Passenger Seat. The Court Was Not Amused.
2018-05-02,Even Tesla Seems Worried Itâ€™s Consuming Too Much Cash: DealBook Briefing
2018-05-02,"Tesla Is Still Burning Cash, but Elon Musk Sees a Turning Point"
2018-05-03,"Trade, Tariffs and Teslaâ€™s Conference Call: DealBook Briefing"
2018-05-03,"Elon Musk Rejects â€˜Boring, Bonehead Questions,â€™ and Teslaâ€™s Stock Slides"
2018-05-07,Musk vs. Buffett: An Invitation for Investors to Take Sides
2018-05-07,"Elon Musk Wants to Fill Warren Buffettâ€™s â€˜Moatâ€™ With Candy, but It Still Holds Water"
2018-05-22,"Tesla Model 3 Goes Upscale, and Base-Price Buyers Must Wait"
2018-05-24,"Why Is Elon Musk Attacking the Media? We Explain. (Also, Give Us a Good Rating!)"
2018-05-24,Elon Musk Declares War on the Media: DealBook Briefing
2018-05-26,"Elon Musk, the Donald of Silicon Valley"
2018-05-30,"Tesla Fixes Model 3 Flaw, Getting Consumer Reports to Change Review"
2018-05-31,"For Electric Cars Without a Plug, Thank Tesla (the Scientist)"
2018-05-31,Elon Musk: More Than an Electric Car Salesman
2018-06-05,Proposals Challenging Muskâ€™s Control of Tesla Fail: DealBook Briefing
2018-06-05,Tesla Turns Back Rare Challenge From Shareholders
2018-06-09,"Mark Zuckerberg, Elon Musk and the Feud Over Killer Robots"
2018-06-12,"Elon Musk, in Search of Profit, Cuts Teslaâ€™s Work Force"
2018-06-13,Tesla Is Coming to Its Financial Senses. That Has Its Own Risks.
2018-06-14,Chicago Says Elon Muskâ€™s Boring Company to Build High-Speed Link to Oâ€™Hare
2018-06-19,Elon Musk Accuses Tesla Employee of Sabotage
2018-06-20,Want to Understand What Ails the Modern Internet? Look at eBay
2018-06-30,Inside Teslaâ€™s Audacious Push to Reinvent the Way Cars Are Made
2018-07-02,Tesla Achieves a Key Weekly Goal for Producing Its Model 3
2018-07-07,Elon Musk Thinks a Mini-Submarine Could Help in Thai Cave Rescue
2018-07-10,"Teslaâ€™s Latest Aim: Build 500,000 Cars a Year in China"
2018-07-10,Elon Musk Defends His Rejected Mini-Sub Plan for Thai Cave
2018-07-12,Thai Navy May Put Elon Muskâ€™s Mini-Submarine to Use. One Day.
2018-07-14,What Elon Musk Should Learn From the Thailand Cave Rescue
2018-07-18,Elon Musk Walks Back â€˜Pedo Guyâ€™ Attack on Thai Cave Diver
2018-07-20,â€˜Big Red Flagâ€™: Automakersâ€™ Trade Secrets Exposed in Data Leak
2018-07-23,"Tesla, Pushing for Profit, Faces New Questions Over Finances"
2018-07-25,The Latest Hot E-Commerce Idea in China: The Bargain Bin
2018-08-01,"Tesla Reports Another Big Loss, but Sees Only Profit Ahead"
2018-08-07,"Elon Musk Says Tesla May Go Private, and Its Stock Soars"
2018-08-07,"Alex Jones, Tesla, Primaries: Your Tuesday Evening Briefing"
2018-08-08,"Germany, California, Tesla: Your Wednesday Briefing"
2018-08-08,"Ohio Special Election, Tesla, Alex Jones: Your Wednesday Briefing"
2018-08-08,DealBook Briefing: How on Earth Will Tesla Go Private?
2018-08-08,A $70 Billion Deal for Tesla? Elon Musk Faces 2 Huge Questions
2018-08-08,Did Elon Musk Violate Securities Laws With Tweet About Taking Tesla Private?
2018-08-08,"Chris Collins, Tesla, Trade War: Your Thursday Briefing"
2018-08-08,Elon Muskâ€™s Pitch to Take Tesla Private Has Wall Street Salivating
2018-08-09,DealBook Briefing: Where Is Teslaâ€™s Money?
2018-08-09,"Elon Musk Is Beating Short-Sellers, for Now"
2018-08-13,Tesla Board Surprised by Elon Muskâ€™s Tweet on Taking Carmaker Private
2018-08-13,Elon Muskâ€™s Tweets on Tesla Started a Tizzy. Someone Should Hit the Brakes.
2018-08-14,DealBook Briefing: Elon Musk Has Answers. We Still Have Questions.
2018-08-14,Elon Muskâ€™s Effort to Take Tesla Private to Get Board Oversight
2018-08-15,"Tesla Directors, in Damage Control Mode, Want Elon Musk to Stop Tweeting"
2018-08-15,DealBook Briefing: Teslaâ€™s Board Tries to Calm Its Chaos
2018-08-15,A Tesla Take-Private Bid Would Be More of the Same for Silver Lake. Sort of.
2018-08-15,Tesla Is Said to Be Subpoenaed by S.E.C. Over Elon Musk Tweet
2018-08-15,A Question for Teslaâ€™s Board: What Was Elon Muskâ€™s Mental State?
2018-08-16,"Genoa, Turkey, Elon Musk: Your Thursday Briefing"
2018-08-16,Elon Musk Is the Id of Tech
2018-08-17,Elon Musk Details â€˜Excruciatingâ€™ Personal Toll of Tesla Turmoil
2018-08-17,"Elon Musk, Aretha Franklin, â€˜Disenchantmentâ€™: Your Friday Briefing"
2018-08-17,5 Takeaways From Elon Muskâ€™s Interview With The Times About Tesla
2018-08-17,DealBook Briefing: The Agony of Elon Musk
2018-08-17,"Congress, Look at Tesla"
2018-08-17,"Trump, Elon Musk, Turkey: Your Friday Evening Briefing"
2018-08-17,Weekend at Elonâ€™s: A Tesla Subplot With Azealia Banks
2018-08-18,Investors Betting Against Tesla Made $1 Billion on Friday
2018-08-18,"Elon Muskâ€™s No Good, Very Bad Year: A Tesla Timeline"
2018-08-18,"Elon Muskâ€™s Highs and Lows: PayPal, SpaceX, Tesla"
2018-08-19,"Security Clearances, Elon Musk, Aretha Franklin: Your Weekend Briefing"
2018-08-19,Interviewing Elon Musk
2018-08-20,"Tesla Slashes Spending, and May Add to Its Troubles"
2018-08-20,DealBook Briefing: Who Isnâ€™t Worried About Elon Musk?
2018-08-20,"Trump, Asia Argento, Elon Musk: Your Monday Evening Briefing"
2018-08-21,DealBook Briefing: Tesla Supplier? Your Check May Be in the Mail
2018-08-23,Elon Musk Wants to Take Tesla Private. Can He Make the Math Work? 
2018-08-23,One Tesla Investor Wants It to Stay Public
2018-08-24,DealBook Briefing: The Hard Math of a Tesla Take-Private
2018-08-24,How the S.E.C. May Pursue a Case Against Elon Musk and Tesla
2018-08-25,"Tesla Will Not Go Private, Elon Musk Says, Capping Month of Turmoil"
2018-08-25,Why Elon Musk Reversed Course on Taking Tesla Private
2018-08-27,Elon Musk and Tesla Resolved One Issue. Now for the Rest.
2018-08-28,"In Elon Muskâ€™s World, Brakes Are for Cars, Not C.E.O.s"
2018-09-07,DealBook Briefing: Elon Musk Smoked Weed On Air
2018-09-07,Tesla Shaken by a Departure and What Elon Musk Was Smoking
2018-09-07,"Brett Kavanaugh, George Papadopoulos, Elon Musk: Your Friday Evening Briefing"
2018-09-09,Tesla Needs to Build Investor Trust. The Exit of Its Accountant Wonâ€™t Help.
2018-09-16,Elon Muskâ€™s Chicago Tunnel: A Breakthrough or a Pipe Dream?
2018-09-17,Betting Against Tesla: Short-Sellers Make Their Case
2018-09-17,"Meet SpaceXâ€™s First Moon Voyage Customer, Yusaku Maezawa"
2018-09-17,Elon Musk Sued by Cave Rescuer He Accused of Being a Pedophile
2018-09-17,"Your Monday Evening News Briefing: Brett Kavanaugh, North Carolina, Elon Musk"
2018-09-18,Justice Department Is Examining Tesla After Musk Comment
2018-09-18,"Your Wednesday News Briefing: China, Myanmar, Elon Musk"
2018-09-20,Teslaâ€™s Biggest Problem Isnâ€™t Elon Musk
2018-09-24,What Artists Would Do if They Could Fly to the Moon
2018-09-27,Tesla Chief Elon Musk Is Sued by S.E.C. in Move That Could Oust Him
2018-09-27,"Kavanaugh Hearings, U.N., Elon Musk: Your Thursday Evening Briefing"
2018-09-28,"Brett Kavanaugh, Slovakia, Elon Musk: Your Friday Briefing"
2018-09-28,"Brett Kavanaugh, Elon Musk, â€˜Night Schoolâ€™: Your Friday Briefing"
2018-09-28,DealBook Briefing: Elon Musk Turned Down a Fraud Settlement With the S.E.C.
2018-09-28,Tesla Stock Tumbles Over the S.E.C. Suing Elon Musk: What to Watch Today
2018-09-28,Elon Muskâ€™s Fans Just Took a Big Hit as Tesla Shares Tank
2018-09-28,S.E.C. Goes After Musk With Its â€˜Ultimateâ€™ Penalty. Hereâ€™s Who Else Has Been Barred.
2018-09-28,"Brett Kavanaugh, Jeff Flake, Tesla: Your Friday Evening Briefing"
2018-09-29,Teslaâ€™s Elon Musk Had a Deal From the S.E.C. It Fell Apart in a Morning.
2018-09-29,Elon Musk Steps Down as Chairman in Deal With S.E.C. Over Tweet About Tesla
2018-09-30,"Brett Kavanaugh, Tsunami, Elon Musk: Your Weekend Briefing"
2018-09-30,"Indonesia, Brett Kavanaugh, Elon Musk: Your Monday Briefing"
2018-10-01,"Elon Musk Settled With the S.E.C., but Teslaâ€™s Troubles Arenâ€™t Over"
2018-10-01,The Future of Electric Cars Is Brighter With Elon Musk in It
2018-10-01,DealBook Briefing: The S.E.C. Canâ€™t Change Elon Musk
2018-10-01,How the S.E.C. Is Trying to Push Traditional Corporate Governance Upon Tesla
2018-10-02,Unraveling a Tesla Mystery: Lots (and Lots) of Parked Cars
2018-10-02,Tesla Reports Progress on Model 3 Car Production
2018-10-02,"Offering Inspiration and Advice, Real Vision Is HGTV for Hedge Fund Hopefuls"
2018-10-02,"Elon Muskâ€™s Ultimatum to Tesla: Fight the S.E.C., or I Quit"
2018-10-04,Elon Musk Calls S.E.C. â€˜the Shortseller Enrichment Commissionâ€™ on Twitter
2018-10-11,Why Tesla Could Do Better Than James Murdoch for Chairman
2018-10-12,What Are the Consequences of Elon Muskâ€™s S.E.C. Criticism?
2018-10-24,"Tesla Reports a Rare Quarterly Profit, Its Biggest Ever"
2018-10-26,Youâ€™ve Become Rich. That Doesnâ€™t Mean Youâ€™re Great at Everything.
2018-10-28,Tesla Faces a Challenger in the Home Solar Business
2018-10-29,Teslaâ€™s Future Is Not Yet Secured
2018-10-31,What Isaac Asimov Taught Us About Predicting the Future
2018-11-08,Tesla Names a Successor to Elon Musk as Board Chief
2018-11-14,A Tech Wunderkind Who Knows Jaden Smith and Elon Musk
2018-11-15,What Teslaâ€™s â€˜Delivery Logistics Hellâ€™ Is Like for Model 3 Buyers
2018-11-30,"Menial Tasks, Slurs and Swastikas: Many Black Workers at Tesla Say They Faced Racism"
2018-11-30,"G.E., Tesla and Snap Are Under Accounting Investigation. Hereâ€™s What They Should Worry About."
2018-12-13,SpaceX May Be New Barrier for Trumpâ€™s Border Wall
2018-12-19,"Itâ€™s Showtime for Elon Muskâ€™s Boring Co., With a Long Way to Go"
2018-12-28,Tesla Scrambles to Sell Cars Before a Tax Break Fades
2018-12-28,Tesla Names Larry Ellison and Kathleen Wilson-Thompson to Its Board
2019-01-02,"Tesla Reports Record Output, but Cuts Prices, and Its Shares Plunge"
2019-01-12,"SpaceX, Elon Muskâ€™s Rocket Company, Cuts 10 Percent of Its Work Force"
2019-01-13,Electric Vehicles Are in the Spotlight at Detroitâ€™s 2019 Auto Show
2019-01-18,"Tesla to Cut 3,000 Jobs in Bid to Sell Model 3 to Mass Market"
2019-01-27,"As I.P.O. Approaches, Lyftâ€™s Chief Is Nudged Into the Spotlight"
2019-01-30,"Tesla Profit Declines, but Musk Says Cash Position Is Strong"
2019-02-15,"Amazon Invests in Rivian, a Tesla Rival in Electric Vehicles"
2019-02-20,Teslaâ€™s Top Lawyer Is Leaving. His Tenure at the Company: Two Months.
2019-02-26,S.E.C. Asks Court to Hold Teslaâ€™s Elon Musk in Contempt for Twitter Post on Production
2019-02-27,Could Elon Musk Talk Himself Into a Tesla Buyout?
2019-02-28,"Tesla Offers a $35,000 Model 3, as Elon Musk Long Promised"
2019-03-01,"DealBook Briefing: Teslaâ€™s $35,000 Car Will Cost the Company"
2019-03-01,Elon Musk Will Have to Contend With Tesla Short Sellers Again
2019-03-06,Teslaâ€™s Troubles Mount: Shuttered Showrooms and Sinking Shares
2019-03-06,"Meng Wanzhou, North Korea, Tesla: Your Thursday Briefing"
2019-03-08,What Will a Contempt Hearing Mean for Teslaâ€™s Elon Musk?
2019-03-09,"The Week in Business: Facebook Wants to Be Your â€˜Digital Living Room,â€™ and Tesla to Unveil the Model Y"
2019-03-11,Tesla Says Never Mind: It Raises Prices and Keeps Most Stores
2019-03-12,DealBook Briefing: Elon Musk Accuses the S.E.C. of Unconstitutional Censorship
2019-03-15,"Tesla Model Y, a New S.U.V., Is Unveiled Amid Mounting Challenges"
2019-03-22,Tesla Sales Slump as â€™19 Starts Is Hinted At in State Data
2019-04-01,What to Cook Right Now
2019-04-04,Tesla Stock Slides After Delivery Figures Signal Weaker U.S. Demand
2019-04-04,"Tesla Got an Early Lead, but Luxury Electric Rivals Are Racing to Catch Up"
2019-04-04,"Teslaâ€™s Elon Musk and S.E.C. Have 2 Weeks to Resolve Dispute, Judge Says"
2019-04-12,"Tesla Ends Online Sales of $35,000 Model 3, Creating New Hurdle for Buyers"
2019-04-12,Buying a Tesla Seems Pretty Easy. But There Are a Few Things to Know.
2019-04-18,Tesla and Elon Musk Are Given Week to Reach Accord With S.E.C.
2019-04-20,Tesla to Shrink Board of Directors by Four People
2019-04-20,The Week in Business: Pinterest Provides I.P.O. Inspiration and Tesla Shows Off Self-Driving Cars
2019-04-22,DealBook Briefing: Tesla Wants You to Focus on Its Robo-Taxis (Not Its Finances)
2019-04-22,Tesla to Investigate Car That Appeared to Burst Into Flames in Shanghai
2019-04-22,Elon Musk Predicts Tesla Driverless Taxi Fleet Next Year
2019-04-24,"Ford to Invest $500 Million in Rivian, a Tesla Rival"
2019-04-24,Tesla Posts Big Quarterly Loss as Its Electric-Car Sales Lag
2019-04-25,â€˜Tesla Nationâ€™ Review: A Documentary Celebrates Serbian-American Accomplishments
2019-04-26,"Elon Musk and S.E.C. Reach New Accord, Lifting Cloud Over Tesla"
2019-04-27,The Week in Business: Teslaâ€™s Driverless Taxis and Uberâ€™s I.P.O.
2019-04-30,Tesla Looks to Regain Its Luster in Solar Energy by Slashing Prices
2019-05-02,Tesla Seeks to Raise $2 Billion in Sale of Stock and Debt
2019-05-03,DealBook Briefing: Tesla Is Raising Cash. It May Not Be Enough.
2019-05-24,"The Highest-Paid C.E.O.s of 2018: A Year So Lucrative, We Had to Redraw Our Chart"
2019-06-03,Can Tesla Ever Be More Than a Niche Automaker? Wall St. Increasingly Thinks No
2019-06-10,"Tesla, Facing Setbacks and Skeptics, Tries to Get Back on Course"
2019-06-20,"Driverless Cars May Be Coming, but Letâ€™s Not Get Carried Away"
2019-07-02,"Meet the Man Quietly Building the Tesla of Trucks, With Jeff Bezos Aboard"
2019-07-02,Model 3 Helps Tesla Send Quarterly Deliveries to a Record
2019-07-17,Elon Muskâ€™s Neuralink Wants â€˜Sewing Machine-Likeâ€™ Robots to Wire Brains to the Internet
2019-07-17,DealBook Briefing: Big Techâ€™s Tough Day in D.C.
2019-07-24,Tesla Loses Less Money as Model 3 Sales Surge
2019-08-08,The Secret History of â€˜Easter Eggsâ€™
2019-08-20,Walmart Says Tesla Solar Panels Set Fires Atop Stores
2019-09-28,Elon Musk Sets Out SpaceX Starshipâ€™s Ambitious Launch Timeline
2019-10-02,Teslaâ€™s Record Deliveries Arenâ€™t Enough for Investors
2019-10-03,A Police Tesla Nearly Ran Out of Power During a Chase. It Wasnâ€™t the Carâ€™s Fault.
2019-10-23,"Tesla Reports Profit for Quarter, Sending Shares Soaring"
2019-11-02,Tesla Batteries Investigated for Possible Defects
2019-11-02,Elon Musk Bids Twitter Farewell â€” Briefly
2019-11-13,Tesla Is Going to Build a Factory Near Berlin
2019-11-20,Elon Musk Ordered to Stand Trial in Cave Explorerâ€™s Defamation Case
2019-11-20,Teslaâ€™s Winding Road to Berlin
2019-11-21,"Your Thursday Briefing: Impeachment, Prince Andrew, Tesla"
2019-11-21,Teslaâ€™s Electric â€˜Cybertruckâ€™ Is Unveiled. Itâ€™s Pointy.
2019-11-22,"Impeachment, Israel, Tesla: Your Friday Briefing"
2019-11-22,Will Anyone Buy Elon Muskâ€™s New Pickup?
2019-11-27,Teslaâ€™s â€˜Cybertruckâ€™
2019-11-27,"â€˜I Think This Guy Is, Like, Passed Out in His Teslaâ€™"
2019-12-03,Elon Muskâ€™s Defense: â€˜Pedo Guyâ€™ Tweet Was a Generic Insult
2019-12-06,"â€˜Pedo Guyâ€™ Tweet Didnâ€™t Hurt Cave Explorerâ€™s Reputation, Musk Says"
2019-12-06,Elon Musk Is Cleared in Lawsuit Over His â€˜Pedo Guyâ€™ Tweet
2019-12-24,"Tesla Stock Reaches Elon Muskâ€™s Magic $420, and Then Some"
2019-12-30,Does Germanyâ€™s Vaunted Car Industry Have Long to Live?
2020-01-03,Tesla Reports Record Output as Elon Musk Achieves Goal
2020-01-22,Tesla Value Hits $100 Billion. Will Elon Musk Get a Big Bonus?
2020-01-23,Sheâ€™s Taking on Elon Musk on Solar. And Winning.
2020-01-29,"As Tesla Earnings Arrive, Bulls and Bears Continue to Spar"
2020-01-29,"Tesla Posts $105 Million Profit for Quarter, Extending Rebound"
2020-01-30,Elon Musk Hits Back at Critics
2020-01-31,How Amazon Keeps Defying Gravity
2020-02-03,Tesla Stock Soars by More Than $100
2020-02-04,Teslaâ€™s Stock Is Up 36% in Two Days. Whatâ€™s Going On?
2020-02-05,"Pete Buttigieg, Coronavirus, Tesla: Your Wednesday Briefing"
2020-02-13,Tesla Faces a New S.E.C. Investigation
2020-02-14,"Delta Plans to Go Carbon Neutral. Yes, You Read That Right."
2020-02-25,Tesla Autopilot System Found Probably at Fault in 2018 Crash
2020-03-04,G.M. Lays Out Ambitions for Electric-Vehicle Lineup to Rival Tesla
2020-03-04,Brace Yourself for Whatâ€™s Coming at Twitter
2020-03-19,"After Mounting Criticism, Tesla Will Shut Down California Factory"
2020-04-19,A String Quartet Is Crushed by the Coronavirus
2020-04-30,Elon Musk and Mark Zuckerberg Arenâ€™t on the Same Page
2020-04-30,NASA Picks Moon Lander Designs by Elon Musk and Jeff Bezos Rocket Companies
2020-05-01,Elon Musk Says Tesla Share Price Is Too High
2020-05-08,Tesla Tells Workers It Will Reopen California Factory Despite County Order
2020-05-09,Elon Musk Lashes Out at Officials Keeping Tesla Plant Closed Over Virus
2020-05-11,Tesla to Restart Bay Area Factory in Defiance of Local Order
2020-05-11,Elon Musk Is â€˜Not Messing Aroundâ€™
2020-05-13,Coronavirus Wrecked Teslaâ€™s Momentum and Elon Musk Is Furious
2020-05-13,Elon Musk Unleashed Again
2020-05-18,Elon Muskâ€™s Latest Gambit
2020-05-19,Tesla Owners Try to Make Sense of Elon Muskâ€™s â€˜Red Pillâ€™ Moment
2020-05-21,A Case for Cooperation Between Machines and Humans
2020-05-27,Elon Muskâ€™s SpaceX Suit Is Like a Tuxedo for the Starship Enterprise
2020-07-02,Tesla Shines During the Pandemic as Other Automakers Struggle
2020-07-14,German Court Says Tesla Self-Driving Claims Are Misleading
2020-07-15,A Brazen Online Attack Targets V.I.P. Twitter Users in a Bitcoin Scam
2020-07-22,"In Electric Car Market, Itâ€™s Tesla and a Jumbled Field of Also-Rans"
2020-07-23,Tesla Turns a Profit in a Pandemic-Squeezed Quarter
2020-07-23,Tesla turned a surprise profit despite a plant shutdown and lower sales.
2020-07-23,Elon Musk Delivers a Big Surprise
2020-07-25,"Elon Musk, Blasting Off in Domestic Bliss"
2020-07-27,Elon Musk courts more controversy.
2020-07-31,Florida Teenager Is Charged as â€˜Mastermindâ€™ of Twitter Hack
2020-08-19,"â€˜Teslaâ€™ Review: Lightning Strikes, but Quietly"
2020-08-24,Whatâ€™s on TV Saturday: A CNN Special and â€˜Teslaâ€™
2020-09-15,The Search for Life on Venus Could Start With This Private Company
2020-09-20,The Age of Electric Cars Is Dawning Ahead of Schedule
2020-09-23,"Elon Musk Promises to Make a $25,000 Tesla (in 3 Years)"
2020-09-28,Elon Musk: â€˜A.I. Doesnâ€™t Need to Hate Us to Destroy Usâ€™
2020-09-28,How Much Did Trump Win by Losing?
2020-10-02,"Led by Tesla, Auto Industry Rebounds as Car Sales Surge"
2020-11-13,"Does Elon Musk have the coronavirus? After four tests, he still doesnâ€™t know."
2020-11-17,"Tesla is joining the S&P 500, and that could have investors scrambling to buy its shares."
2020-11-19,G.M. Accelerates Its Ambitions for Electric Vehicles
2020-12-08,"Elon Musk says he has moved to Texas, from California."
2020-12-09,Watch SpaceXâ€™s Starship Launch and Explode in Crash Landing
2020-12-09,SpaceX Starship Explodes During Test Flight
2020-12-10,â€˜Welcome to Texas!â€™: Muskâ€™s California Departure Stokes the Statesâ€™ Rivalry
2020-12-18,"Tesla, Profitable at Last, Bulls Its Way Into the S&P 500"
2020-12-22,A Race to Become the Tesla of Delivery Trucks and Vans
2020-12-24,â€˜You Checked Tesla the Mostâ€™: Robinhood Recaps From a Volatile Year
2020-12-28,California May Lose Some of Its Stars. But Silicon Valley Is Forever.
2020-12-31,German Automakers Are Charged Up and Ready to Take on Tesla
2021-01-02,"Tesla Says It Hit Goal of Delivering 500,000 Cars in 2020"
2021-01-07,"Catch up: Boeing will pay $2.5 billion settlement, and Elon Musk is the richest person."
2021-01-07,"Elon Musk has become the worldâ€™s richest person, as Teslaâ€™s stock rallies."
2021-01-15,When Raf Met Miuccia
2021-01-15,Tesla Might Finally Have Some Competition. From Ford.
2021-01-19,The Next Tesla? Investors Bet Big on Electric Truck Maker Rivian
2021-01-22,"Teslaâ€™s U.S. sales slowed in 22 states in 2020, partly because of the pandemic."
2021-01-29,Elon Musk Becomes Unlikely Anti-Establishment Hero in GameStop Saga
2021-01-29,G.M. Announcement Shakes Up U.S. Automakersâ€™ Transition to Electric Cars
2021-02-02,"Tesla Will Recall 135,000 Cars for Faulty Touch Screens."
2021-02-02,SpaceXâ€™s Starship Crashes Again During Prototype Launch
2021-02-04,We Are a Nation of Child Abusers
2021-02-04,The Power Brokers of Beverly Hills
2021-02-08,"Tesla says it bought $1.5 billion of Bitcoin, sending the cryptocurrency to a record high."
2021-02-08,Chinese regulators reprimand Tesla over growing complaints about its cars.
2021-02-08,Elon Musk and Snoop Dogg Push Cryptocurrencies to Record Highs
2021-02-09,Bitcoinâ€™s Big Day
2021-02-09,Will other companies follow Teslaâ€™s lead and load up on Bitcoin?
2021-02-21,"Join Clubhouse! Umm, What Is Clubhouse?"
2021-02-26,Why Are Elon Musk and Jeff Bezos So Interested in Space?
2021-03-04,SpaceX Lands Starship Rocket for the First Time
2021-03-05,Teslaâ€™s Stock Tumbles Amid Sales Worries and Market Volatility
2021-03-11,Chinaâ€™s Jaded Techies Find a Hero in Elon Musk
2021-03-13,"Hundreds of Tesla workers tested positive for the virus after Elon Musk reopened a plant, data shows."
2021-03-15,"Hundreds of Tesla workers tested positive for the virus after Elon Musk reopened a plant, data shows."
2021-03-15,Volkswagen Aims to Use Its Size to Head Off Tesla
2021-03-23,Teslaâ€™s Autopilot Technology Faces Fresh Scrutiny
2021-03-23,Regulators are investigating the role of autonomous driving in 23 Tesla crashes.
2021-03-24,"Tesla will accept Bitcoin as payment, Elon Musk says."
2021-03-25,"Tesla employeeâ€™s firing and Elon Musk tweet on union were illegal, labor board rules."
2021-04-02,"Tesla delivered 185,000 cars in the first quarter, twice as many as a year ago."
2021-04-05,Why SpaceX Wants a Tiny Texas Neighborhood So Badly
2021-04-06,"As China Targets H&M and Nike, Local Brands See Their Chance"
2021-04-08,Tesla complains that German bureaucracy may delay its new plant.
2021-04-13,"New & Noteworthy Visual Books, From Patents to Modern Art in Iran"
2021-04-16,Mercedes unveils an electric version of its S-Class that goes farther than a Tesla.
2021-04-16,SpaceX Wins NASA $2.9 Billion Contract to Build Moon Lander
2021-04-18,"2 Killed in Driverless Tesla Car Crash, Officials Say"
2021-04-20,Texas Police Investigate Fatal Tesla Crash Near Houston
2021-04-22,Three Electric S.U.V.s With Tesla in Their Sights
2021-04-24,Elon Musk to Host â€˜Saturday Night Liveâ€™
2021-04-26,Tesla Profit Hits a Quarterly Record
2021-04-26,Jeff Bezosâ€™ Rocket Company Challenges NASA Over SpaceX Moon Lander Deal
2021-04-27,Tesla Makes Money (Including From Selling Cars)
2021-04-29,Teslaâ€™s Latest Solar Stumble: Big Price Increases
2021-04-30,â€˜Itâ€™s highway robberyâ€™: Teslaâ€™s price increases on solar shingles irk customers.
2021-05-02,Mercedes EQS Electric Sedan: The S Stands for Stunning
2021-05-07,â€˜Saturday Night Liveâ€™ Gets Ready for Elon Musk
2021-05-07,Elon Musk: Memelord or Meme Lifter?
2021-05-09,Elon Musk Hosts a Motherâ€™s Day Episode of â€˜Saturday Night Liveâ€™
2021-05-12,Wall Street is having second thoughts about electric vehicle start-ups like Lordstown Motors.
2021-05-12,Man Riding in Driverless Tesla Is Arrested in California
2021-05-13,Tesla stops accepting Bitcoin as payment for its cars.
2021-05-13,Elon Musk Makes a Hard Swerve on Bitcoin
2021-05-13,Teslaâ€™s U-turn on Bitcoin raises questions of the cryptocurrencyâ€™s stability.
2021-05-18,"Elon Musk Impostors Scammed $2 Million in Cryptocurrency, U.S. Says"
2021-06-02,The Mystery of the $113 Million Deli
2021-06-07,Jeff Bezos Will Fly Aboard Blue Originâ€™s First Human Trip to Space
2021-06-08,"Wealthiest Executives Paid Little to Nothing in Federal Income Taxes, Report Says"
2021-06-10,Why Elon Musk Has a Lower Tax Rate Than You
2021-06-14,The Brutal Truth About Bitcoin
2021-06-14,Inside the I.R.S. Files of the Ultra-Wealthy
2021-06-15,Why Billionaires Pay So Little Tax
2021-06-29,Crashes involving Tesla Autopilot and other driver-assistance systems get new scrutiny.
2021-07-02,"Elon Musk Is Maybe, Actually, Strangely, Going to Do This Mars Thing"
2021-07-05,Tesla Says Autopilot Makes Its Cars Safer. Crash Victims Say It Kills.
2021-07-06,"Tesla sales are way up, but Ford and others are still grappling with a semiconductor shortage."
2021-07-22,"Teslaâ€™s Factory Near Berlin Runs Into Activists, Red Tape and Lizards"
2021-07-23,What Makes Elon Musk Different
2021-07-26,Tesla reports a big jump in profit.
2021-07-27,Summer Reading Contest Winner Week 5: On â€˜Tesla Says Autopilot Makes Its Cars Safer. Crash Victims Say It Kills.â€™
2021-07-30,These Clubhouse Hosts Are Keeping the Party Alive
2021-07-30,"If You Donâ€™t Trust A.I. Yet, Youâ€™re Not Wrong"
2021-07-30,Why Teslaâ€™s â€˜Beta Testingâ€™ Puts the Public at Risk
2021-08-06,How Bidenâ€™s E.V. Plan Could Help Tesla and Squeeze Toyota
2021-08-09,Electric Cars for Everyone? Not Unless They Get Cheaper.
2021-08-12,The Elan of Elon Musk
2021-08-16,U.S. Will Investigate Teslaâ€™s Autopilot System Over Crashes With Emergency Vehicles
2021-08-17,â€˜It Happened So Fastâ€™: Inside a Fatal Tesla Autopilot Accident
2021-08-20,"Tesla Sells â€˜Full Self-Driving,â€™ but What Is It Really?"
2021-08-22,The Week in Business: Turning Up the Heat on Tesla
2021-08-27,The Black Reporter Proved Right By History and a Fatal Tesla Crash: The Week in Narrated Articles
2021-08-30,"Whatâ€™s Better, a Prize or a Patent?"
2021-09-01,Tesla is ordered to turn over Autopilot data to a federal safety agency.
2021-09-13,"Courting moderates, House Democrats stop short of proposing the most aggressive plans to tax the rich."
2021-09-16,"Lucid Motors beats Tesla in range, going 520 miles on a charge, the E.P.A. says."
2021-09-17,From â€˜Jeff who?â€™ to â€˜Thank you.â€™
2021-09-19,The Week in Business: A Milestone in Space Tourism
2021-10-02,Tesla Reports Record Quarterly Deliveries Amid Chip Scarcity
2021-10-04,A safety agency finds no cause to investigate Tesla battery safety.
2021-10-05,Jury orders Tesla to pay $137 million to a former worker over racist treatment.
2021-10-06,G.M. Hopes Electric Cars and New Businesses Will Help Double Its Revenue
2021-10-07,"Tesla Will Move Its Headquarters to Austin, Texas, in Blow to California"
2021-10-08,Are Tesla and Texas a Perfect Match? Itâ€™s Questionable.
2021-10-10,Kim Kardashian West Takes Aim at Herself in â€˜S.N.L.â€™ Monologue
2021-10-13,U.S. regulator questions Tesla on the lack of a recall after an update to Autopilot.
2021-10-20,Teslaâ€™s quarterly profit nearly quintuples to $1.6 billion as car sales surge.
2021-10-21,"N.T.S.B. says Tesla owner was in the driverâ€™s seat in fatal crash, contradicting local officials."
2021-10-25,"Tesla Value Tops $1 Trillion After Hertz Orders 100,000 Cars"
2021-10-26,Tesla Joins an Exclusive Club
2021-11-01,"Sex Bots, Religion and the Wild World of A.I."
2021-11-02,Elon Musk says Tesla has not signed a deal with Hertz yet.
2021-11-02,On Elon Musk and the Dangerous Power of Insecure Billionaires
2021-11-04,"Elon Musk Is Building a Sci-Fi World, and the Rest of Us Are Trapped in It"
2021-11-04,Blue Origin Loses Legal Fight Over SpaceXâ€™s NASA Moon Contract
2021-11-08,Behind Elon Muskâ€™s Twitter Poll Is a Tax Bill Coming Due
2021-11-08,Elon Muskâ€™s â€˜Ticking Tax Time Bombâ€™
2021-11-08,"Travel, Astroworld, Elon Musk: Your Monday Evening Briefing"
2021-11-09,Tesla shares slide 12 percent as Muskâ€™s stock-sale pledge continues to reverberate.
2021-11-10,Rivian I.P.O. Is Embraced by Investors Looking for Another Tesla
2021-11-11,"Elon Musk sells $5 billion in Tesla shares, partly to cover taxes on stock options."
2021-11-11,SpaceX Delivers NASAâ€™s Crew-3 Astronauts to Space Station
2021-11-16,JPMorgan says Tesla owes it $162 million because of an Elon Musk tweet.
2021-11-18,He Helped Build Tesla. Now Heâ€™s Gunning for It.
2021-11-19,What If Elon Musk Wants to Build a Rocket on the Roof of the Dakota?
2021-11-24,"Heâ€™s Steering Volkswagen, With His Eyes on Beating Tesla"
2021-11-30,"In China, Tesla Is a Catfish, and Turns Auto Companies Into Sharks"
2021-12-06,Inside Tesla as Elon Musk Pushed an Unflinching Vision for Self-Driving Cars
2021-12-07,A New Tesla Safety Concern: Drivers Can Play Video Games in Moving Cars
2021-12-07,Stellantis will spend $34 billion on software and new vehicles.
2021-12-08,The U.S. and China Should Compete on This
2021-12-08,Safety agency says it is looking into Tesla video games that can be played while moving.
2021-12-10,Elon Muskâ€™s Latest Innovation: Troll Philanthropy
2021-12-22,How China Makes Electric Car Batteries
2021-12-22,U.S. Is Investigating Tesla Feature That Lets Drivers Play Video Games
2021-12-23,Public Streets Are the Lab for Self-Driving Experiments
2021-12-23,"â€˜Donâ€™t Look Upâ€™ Review: Tick, Tick, Kablooey"
2021-12-23,Tesla agrees to stop letting drivers play video games in moving cars.
2021-12-30,Can a Tiny Territory in the South Pacific Power Teslaâ€™s Ambitions?
2021-12-30,Tesla Recalls Some Sedans Over Two Safety Defects
2022-01-02,Tesla Reports 87% Increase in 2021 Deliveries
2022-01-04,"Tesla opens a dealership in Xinjiang, drawing accusations itâ€™s helping China â€˜cover up genocide.â€™"
2022-01-08,Why Tesla Soared as Other Automakers Struggled to Make Cars
2022-01-20,Elizabeth Warren Claps Back at Elon Musk
2022-01-20,"As Teslaâ€™s plant in Germany nears completion, a union raises concern."
2022-01-26,Tesla reports record yearly profit but warns that supply problems persist.
2022-01-29,"Buy GameStop, Fight Injustice. Just Donâ€™t Sell."
2022-02-01,Tesla Recalls Cars With Full Self-Driving to Prevent Rolling Stops
2022-02-03,A Teenager Tracked Elon Muskâ€™s Jet on Twitter. Then Came the Direct Message.
2022-02-07,"Lucid Air: A Fresh Face With 500 Miles to a Charge, and Horsepower to Spare"
2022-02-07,Tesla faces renewed scrutiny over racial bias and Elon Muskâ€™s tweets.
2022-02-09,Rivian Loses Its Shine as Investors Fret About Production Delays
2022-02-10,What Is Starship? SpaceX Builds Its Next-Generation Rocket
2022-02-10,"California sues Tesla, saying the company permitted racial discrimination at its factory."
2022-02-11,What Elon Musk Did and Didnâ€™t Reveal About SpaceXâ€™s Starship Rocket
2022-02-15,Who Got Elon Muskâ€™s Billions?
2022-02-15,Elon Musk quietly donated nearly $6 billion last year. Where did it go?
2022-02-17,"Is Techâ€™s Love Affair With Miami About Taxes, or Something Else?"
2022-02-17,Regulators open an investigation into â€˜phantom brakingâ€™ by Teslas.
2022-03-01,"Satellite internet terminals, sent by Elon Musk, arrive in Ukraine."
2022-03-04,Tesla Wins Approval to Open European Assembly Plant
2022-03-22,"Elon Musk opens Teslaâ€™s first European plant, near Berlin."
2022-03-26,"Elon Musk, Vladimir Putin and the Insidious Meme-ification of War"
2022-04-02,"Teslaâ€™s Sales Jumped in the First Quarter, Bucking Industry Trend Again"
2022-04-04,Elon Musk becomes Twitterâ€™s largest shareholder.
2022-04-04,Elon Muskâ€™s Latest Twitter Adventure
2022-04-05,Hereâ€™s How Slowly New York City Is Moving on Electric Vehicles
2022-04-05,Rags-to-Riches Stories Are Actually Kind of Disturbing
2022-04-05,"Elon Musk Joins Twitterâ€™s Board, Pitching Ideas Big and Small"
2022-04-06,"Corrections: April 7, 2022"
2022-04-07,How Elon Muskâ€™s â€˜Soft Powerâ€™ Might Shape Twitterâ€™s Future
2022-04-07,â€˜Return to Spaceâ€™ Review: Eyes on the Skies
2022-04-07,Elon Musk Swoops In on Twitterâ€™s Bargain Basement Stock
2022-04-08,"Tesla Will Sell Its Long-Awaited Cybertruck Next Year, Elon Musk Says"
2022-04-10,The Week in Business: Elon Muskâ€™s Newest Venture
2022-04-11,"Elon Musk Will Not Join Twitterâ€™s Board, Company Says"
2022-04-11,Elon Musk Backs Out
2022-04-11,Twitter Grapples With an Elon Musk Problem
2022-04-13,"Corrections: April 13, 2022"
2022-04-14,Twitterâ€™s Elon Musk Problem
2022-04-14,Twitter says it will review Muskâ€™s bid for the company.
2022-04-14,Elon Musk Wants All of Twitter
2022-04-14,"Disclosure issues could complicate Muskâ€™s Twitter bid, legal experts say."
2022-04-14,Judge reduces $137 million penalty against Tesla over factory racism.
2022-04-14,Elon Musk Is a Digital Citizen Kane
2022-04-14,What happens next in Muskâ€™s Twitter takeover offer.
2022-04-14,How Would a Twitter Takeover Work? 
2022-04-14,Muskâ€™s Twitter bid appeared to include a recurring reference to marijuana.
2022-04-14,Elon Musk Knows Exactly What Heâ€™s Doing
2022-04-14,"Musk Says He Has the Means to Buy Twitter, but Investors Arenâ€™t So Sure"
2022-04-14,"Elon Musk, After Toying With Twitter, Now Wants It All"
2022-04-15,Late Night Isnâ€™t Thrilled About Elon Muskâ€™s Attempted Twitter Takeover
2022-04-15,Hereâ€™s what the takeover could mean.
2022-04-15,The Best of Late Night This Week ðŸŒ™
2022-04-15,The Law That Shaped the Internet Presents a Question for Elon Musk
2022-04-15,What Is a â€˜Poison Pillâ€™ Defense?
2022-04-16,The Elusive Politics of Elon Musk
2022-04-17,"â€˜S.N.L.â€™ Offers Easter Wishes From Elon Musk, Donald Trump and More"
2022-04-18,Jim Farley Tries to Reinvent Ford and Catch Up to Elon Musk and Tesla
2022-04-18,Five Big Questions for Elon Musk and Twitter
2022-04-18,The big questions about what happens next in Elon Muskâ€™s bid for Twitter.
2022-04-18,Elon Muskâ€™s Bid to Take Over Twitter
2022-04-18,Apollo is said to be considering participating in a bid for Twitter.
2022-04-19,Elon Musk Races to Secure Financing for Twitter Bid
2022-04-20,Why Everyone Wants to Buy Twitter
2022-04-20,"Teslaâ€™s profits jumped in the first quarter, but challenges loom."
2022-04-21,Elon Musk details his plan to pay for a $46.5 billion takeover of Twitter.
2022-04-21,"With Elon Musk, You Canâ€™t Spell â€˜Funding Securedâ€™ Without â€˜Funâ€™"
2022-04-22,Donald Trumpâ€™s Newest Problem: Elon Musk
2022-04-24,Twitter Nears a Deal to Sell Itself to Elon Musk
2022-04-25,Twitter deal could be announced as soon as today.
2022-04-25,The Elon Musk-Twitter Endgame
2022-04-25,4 ways Twitter could change under Elon Musk.
2022-04-25,Twitter Employees Search for Answers as Musk Takeover Becomes Reality
2022-04-25,"With Deal for Twitter, Musk Lands a Prize and Pledges Fewer Limits"
2022-04-25,How Twitterâ€™s staff reacted at a meeting after the announcement.
2022-04-25,"Regulators are unlikely to block Muskâ€™s purchase of Twitter, former officials say."
2022-04-25,Your Tuesday Briefing: Elon Musk Buys Twitter
2022-04-25,Conservatives celebrate Muskâ€™s deal to buy Twitter.
2022-04-25,Twitter Under Elon Musk Will Be a Scary Place
2022-04-26,Muskâ€™s Twitter: Weed Memes. Editable Tweets. And the Return of Trump.
2022-04-26,Late Night Muses on Elon Muskâ€™s Deal to Buy Twitter
2022-04-26,"Buying Twitter, Elon Musk Will Face Reality of His Free-Speech Talk"
2022-04-26,Elon Musk Is a Problem Masquerading as a Solution
2022-04-26,Whatâ€™s Next for Elon Musk and Twitter
2022-04-26,Elon Musk and the Gray of â€˜Free Speechâ€™
2022-04-26,Elon Muskâ€™s Promise to Promote Free Speech on Twitter
2022-04-26,Selling Twitter to Elon Musk Is Good for Investors. What About the Public?
2022-04-26,"On Twitter, conservatives celebrate, and progressives cringe, about Muskâ€™s ownership of Twitter."
2022-04-26,How Will Elon Musk Pay for Twitter?
2022-04-26,Elon Muskâ€™s deal for Twitter includes a $1 billion breakup fee.
2022-04-26,"Elon Musk Is a Typical Twitter User, Except for One Thing"
2022-04-27,Letâ€™s Be Clear About What Itâ€™s Like to Be Harassed on Twitter
2022-04-27,Is Elon Musk About to Be the â€˜King of Nothingâ€™?
2022-04-27,Elon Musk Got Twitter Because He Gets Twitter
2022-04-27,How Much Should Speech Be Moderated on Social Media?
2022-04-27,Musk may be about to sell some Tesla stock. How would that affect markets?
2022-04-27,Judge refuses to strike down Elon Muskâ€™s settlement with the S.E.C. over his Twitter posts.
2022-04-27,Truth Social Review: Trumpâ€™s Uncensored Social App Is Incomplete
2022-04-27,Will Elon Musk Save Twitter or Destroy It?
2022-04-28,"Europe Is Making Social Media Better Without Curtailing Free Speech. The U.S. Should, Too."
2022-04-28,Is Elon Musk Really That Bad?
2022-04-28,Musk Is Already Shaking Up Twitter
2022-04-28,Twitter reports growth in revenue and users as Elon Musk prepares to take over.
2022-04-28,He Always Tweeted Like He Owned the Place
2022-04-28,What Makes Elon Musk Tick?
2022-04-28,"Inside Twitter, Fears Musk Will Return Platform to Its Early Troubles"
2022-04-29,"Twitter, Your Bae Is Not OK"
2022-04-29,Elon Musk Might Break Twitter. Maybe Thatâ€™s a Good Thing.
2022-04-29,Muskâ€™s Ties to China Could Create Headaches for Twitter
2022-04-29,Elon Musk sells billions in Tesla stock as he prepares to buy Twitter.
2022-04-29,The Best of Late Night This Week ðŸŒ™
2022-04-30,Can Elon Musk Make Twitterâ€™s Numbers Work?
2022-04-30,How Twitterâ€™s Board Went From Fighting Elon Musk to Accepting Him
2022-05-01,The Week in Business: The Twitter Deal
2022-05-03,Reporting on an Unpredictable Deal
2022-05-03,â€˜I Donâ€™t Really Have a Business Planâ€™: How Elon Musk Wings It
2022-05-03,Right-Wing Twitter Exiles Weigh a Return to the Arena
2022-05-04,I Followed Some of Brazilâ€™s Right-Wing Telegram Groups. I Found a Tide of Madness.
2022-05-04,Elon Musk suggests Twitter could charge commercial and government accounts.
2022-05-05,Elon Musk Left a South Africa That Was Rife With Misinformation and White Privilege
2022-05-05,"Elon Musk has brought in new investors to fund his Twitter deal, a filing shows."
2022-05-05,Elon Musk Hates Ads. Twitter Needs Them. That May Be a Problem.
2022-05-05,Lucid Motors sticks to its production target despite a slow quarter.
2022-05-05,Elon Muskâ€™s Growing Grab Bag of Investors
2022-05-06,Why Muskâ€™s Twitter Bid Has Shaken Tesla Investors
2022-05-06,Tesla will cover transportation costs for employee abortions.
2022-05-06,Inside Elon Muskâ€™s Big Plans for Twitter
2022-05-08,TikTok May Be More Dangerous Than It Looks
2022-05-08,How Elon Musk Might Change Twitter
2022-05-10,Elon Musk says he would â€˜reverse the permanent banâ€™ of Donald Trump on Twitter.
2022-05-11,Elon Musk Has Bigger Plans Than Just Letting Trump Back on Twitter
2022-05-11,Rivian shares surge after the E.V. maker affirms its 2022 production goal.
2022-05-12,Twitter fires two executives and freezes most hiring after Muskâ€™s deal to buy the company.
2022-05-13,"Musk Says His Twitter Takeover Is â€˜On Hold,â€™ Then Says Heâ€™s â€˜Still Committedâ€™"
2022-05-13,Is Elon Musk Backing Away from Twitter?
2022-05-13,The Best of Late Night This Week ðŸŒ™
2022-05-15,"The Tesla Effect: Snowmobiles, Boats and Mowers Go Electric"
2022-05-16,The Problem With Elon Muskâ€™s Vision of a Self-Driving Future
2022-05-16,Elon Musk says a lower price for Twitter is â€˜not out of the question.â€™
2022-05-17,Elon Musk says Twitter deal â€˜cannot move forwardâ€™ without more information.
2022-05-17,Musk vs. the Bots
2022-05-17,"Twitter presses forward with Musk, with more details about the back story to the deal."
2022-05-18,"Sustainability Index Drops Tesla, Prompting Insult from Musk"
2022-05-19,Elon Muskâ€™s Next Target
2022-05-20,Piecing Together the Messages of Elon Musk
2022-05-20,"Elon Musk, Chaos Monkey"
2022-05-20,The Allegations Against Musk
2022-05-20,"Even Among Corporate Raiders, Elon Musk Is a Pirate"
2022-05-20,Teslaâ€™s Aura Dims as Its Plunging Stock Highlights the Risks It Faces
2022-05-21,How Jack Welchâ€™s Reign at G.E. Gave Us Elon Muskâ€™s Twitter Feed
2022-05-23,The Perils of Plutocratic Pettiness
2022-05-23,SpaceX executive defends Elon Musk against misconduct accusations.
2022-05-25,Twitterâ€™s Chief Tries Staying the Course as Elon Musk Upends Plans
2022-05-25,"Twitter is fined $150 million in privacy settlement, as Elon Musk commits more equity to fund deal."
2022-05-27,"S.E.C., in letter to Elon Musk, says it is scrutinizing his Twitter share purchases."
2022-05-27,Meet the Reclusive Software Billionaire Attacking Elon Musk
2022-06-01,"When Elon Musk Dreams, His Employees Have Nightmares"
2022-06-01,"Elon Musk to Workers: Spend 40 Hours in the Office, or Else"
2022-06-02,â€˜The Elon That Weâ€™re Seeing Today Is Not the Same One We Saw a Couple Years Agoâ€™
2022-06-03,"Tesla to Cut 10% of Salaried Staff, Musk Tells Employees"
2022-06-06,Elon Musk Threatens to End Twitter Deal Without Information on Fake Accounts
2022-06-07,"Elon Musk, Mars and the Modern Economy"
2022-06-08,How Safe Are Systems Like Teslaâ€™s Autopilot? No One Knows.
2022-06-08,What Texas Gains by Investigating Twitterâ€™s Fake Accounts
2022-06-08,Twitter Said to Agree to Give Elon Musk Access to Stream of Tweets
2022-06-09,"With Elon Musk, the Drama Is the Point"
2022-06-09,Federal safety agency expands its investigation of Teslaâ€™s Autopilot system.
2022-06-12,The Week in Business: Trouble for Tesla?
2022-06-14,â€˜Is Climate Change a Reason to Avoid Having Children?â€™ and Other Listenersâ€™ Questions Answered
2022-06-15,Tesla Autopilot and Other Driver-Assist Systems Linked to Hundreds of Crashes
2022-06-16,Musk to Address Twitter All-Hands Meeting
2022-06-16,SpaceX workers write letter to executives with concerns about Elon Muskâ€™s tweets.
2022-06-16,"Elon Musk tells Twitterâ€™s employees he wants the service to â€˜contribute to a better, long-lasting civilization.â€™"
2022-06-17,SpaceX Said to Fire Employees Involved in Letter Rebuking Elon Musk
2022-06-18,"The Rush to E.S.G., With or Without Elon Musk"
2022-06-21,Why You Might Buy Your Next Car Online
2022-06-21,Is the Era of Cheap Money Over?
2022-06-21,What people are saying about the chance of a U.S. recession.
2022-06-25,How Elon Musk Helped Lift the Ceiling on C.E.O. Pay
2022-06-27,Elon Musk Fuels Record C.E.O. Paydays
2022-06-30,Behind the Scenes of â€˜Swayâ€™ With Kara Swisher
2022-07-02,Tesla Sales Slow as the Pandemic Hobbles Production
2022-07-07,How Many Children Does Elon Musk Have?
2022-07-08,Twitter is ready for a legal battle to force Elon Musk to buy the company.
2022-07-08,Elon Musk Moves to End $44 Billion Deal to Buy Twitter
2022-07-09,What Are Spam Bots and Why Theyâ€™re an Issue in Elon Muskâ€™s Twitter Deal
2022-07-09,Whatâ€™s Next in the Elon Musk-Twitter Saga? A Court Battle
2022-07-11,And the Next President Will Be â€¦
2022-07-11,Why Musk May Be Stuck
2022-07-11,Twitterâ€™s stock falls further as doubts swirl over Elon Muskâ€™s takeover.
2022-07-11,What Is Delawareâ€™s Court of Chancery and Its Role in Elon Muskâ€™s Twitter Deal?
2022-07-11,How Elon Musk Damaged Twitter and Left It Worse Off
2022-07-12,Can Elon Musk Get Out of Buying Twitter?
2022-07-12,Muskâ€™s Damaged Goods
2022-07-12,Twitter Sues Musk After He Tries Backing Out of $44 Billion Deal
2022-07-13,"Why Elon Musk Canâ€™t Back Out of Buying Twitter, According to Twitter"
2022-07-13,Twitter Unloads on Musk
2022-07-14,Elon Musk Bought Twitter. Now He Must Own It.
2022-07-14,Twitter suffers a global outage at a delicate moment for the company.
2022-07-14,The S.E.C. broadens its inquiry into Elon Muskâ€™s disclosures about Twitter.
2022-07-15,Elon Musk Claps Back at Twitterâ€™s Lawsuit Over $44 Billion Deal
2022-07-17,"Corrections: July 17, 2022"
2022-07-17,The Week in Business: Twitter Hits Back
2022-07-19,Elon Musk and Twitter will go to trial over their $44 billion deal in October.
2022-07-19,3 Ways Musk Can Support Free Speech
2022-07-20,Twitter Takes Round 1
2022-07-20,Tesla Profit Falls in Second Quarter as Supply Chain Problems Hurt
2022-07-22,Twitterâ€™s earnings falter as it fights with Elon Musk.
2022-07-22,"Amazon Wants to Be Your Doctor, Too"
2022-07-25,Tesla will spend more to increase production at two new factories.
2022-08-02,The New York Times Presents: â€˜Elon Muskâ€™s Crash Courseâ€™
2022-08-02,What Twitterâ€™s Subpoenas Say About Its Plan to Fight Elon Musk in Court
2022-08-04,Another subpoena blitz in Twitter vs. Musk.
2022-08-04,Tesla Prevails Over Most Activist Shareholder Proposals
2022-08-04,Musk Says Twitter Committed Fraud in Dispute Over Fake Accounts
2022-08-06,California Regulator Accuses Tesla of Falsely Advertising Autopilot
2022-08-10,Elon Musk sells nearly $7 billion in Tesla shares to finance his Twitter deal.
2022-08-18,Can Tesla Data Help Us Understand Car Crashes?
2022-08-23,Whistle-Blower Spam Claims Pose Challenge for Twitter
2022-08-23,Twitterâ€™s Former Security Chief Accuses It of â€˜Misleadingâ€™ Public on Security Practices
2022-08-29,How a Whistleblower Could Help Elon Musk in His Case Against Twitter
2022-08-29,Elon Muskâ€™s Lawyers Subpoena Twitter Whistle-Blower
2022-08-30,Elon Musk Cites Whistle-Blower Report as Reason to Scrap Twitter Deal
2022-09-02,How Much Does That Oligarchâ€™s Yacht Actually Cost?
2022-09-07,Judge Hands Elon Musk a Win in Court
2022-09-07,A judge allows Musk to include whistle-blower claims in his case against Twitter.
2022-09-13,Twitter Whistle-blower Is Set to Testify in Washington
2022-10-02,"Tesla Sold Record 343,000 Vehicles in Third Quarter"
2022-10-03,Elon Musk weighs in on how to end the war in Ukraine.
2022-10-04,The Board Chair Squaring Up to Elon Musk in the Feud Over Twitter
2022-10-04,Elon Musk Suggests Buying Twitter at His Original Price
2022-10-05,Elon Muskâ€™s Twitter Will Be a Wild Ride
2022-10-05,Are Musk and Twitter Back On? Hereâ€™s What We Know.
2022-10-05,Elon Muskâ€™s Renewed Twitter Bid Puts Pressure on Wall St. Banks Backing Him
2022-10-06,Elon Musk Offered to Buy Twitter at a Lower Price in Recent Talks
2022-10-06,Twitter Wants Assurances from Musk
2022-10-06,What Does X Mean to Elon Musk?
2022-10-06,Judge Grants Elon Muskâ€™s Request to Delay Trial With Twitter
2022-10-06,Hereâ€™s Hoping Elon Musk Destroys Twitter
2022-10-07,Elonâ€™s Hidden Motives + A Meetup in the Metaverse
2022-10-07,â€˜Plot Twist!â€™ as Elon Musk Wins Partial Victory
2022-10-08,How a Scottish Moral Philosopher Got Elon Muskâ€™s Number
2022-10-09,The Week in Business: Elon Muskâ€™s Reversal
2022-10-10,Ye Poses a Test for a Post-Musk Twitter
2022-10-11,Elon Musk Has the Worldâ€™s Strangest Social Calendar
2022-10-13,Elon Musk Has Some Bad Ideas for Mass Transit. We Have Solutions.
2022-10-13,Elon Musk Has Some Bad Ideas for Mass Transit. We Have Solutions.
2022-10-13,It Shouldnâ€™t Matter So Much Whether Elon Musk Buys Twitter
2022-10-14,Elon Musk Foments More Geopolitical Controversy With Ukraine Internet Dispute
2022-10-15,"Elon Musk backtracks, saying his company will continue to fund internet service in Ukraine."
2022-10-19,Tesla Reports Strong Profit in Third Quarter on Soaring Sales
2022-10-20,Tesla Optimists Are in Retreat
2022-10-21,Twitter Tries Calming Employees as Deal With Elon Musk Looms
2022-10-24,Tesla Cuts Prices in China in Sign of Slowing Demand
2022-10-26,Elon Musk Seems to Answer to No One. Except for a Judge in Delaware.
2022-10-26,How Elon Musk Became a Geopolitical Chaos Agent
2022-10-26,Elon Musk Visits Twitter as $44 Billion Deal Nears Completion
2022-10-27,Elon Musk Reaches Out to Advertisers Ahead of Deadline for Twitter Deal
2022-10-28,Elon Musk Completes $44 Billion Deal to Own Twitter
2022-10-28,The Robber Barons Had Nothing on Elon Musk
2022-10-28,"Elon Musk Takes Twitter, and Tech Deals, to Another Level"
2022-10-28,Emergency Pod: Elon Musk Owns Twitter
2022-10-28,How Twitter Will Change as a Private Company
2022-10-28,Elon Musk Faces Another Big Decision at Twitter
2022-10-28,Elon Musk Starts Putting His Imprint on Twitter
2022-10-28,"With the close of his Twitter deal, Elon Muskâ€™s geopolitical influence is set to grow."
2022-10-28,Trump says heâ€™s â€˜very happyâ€™ about Muskâ€™s Twitter takeover.
2022-10-28,"For Many, Elon Muskâ€™s Buying Twitter Is a Moment of Celebration"
2022-10-28,What should Twitter users do?
2022-10-28,The Best of Late Night This Week
2022-10-28,"Some far-right accounts on Twitter saw surge in new followers, researchers say."
2022-10-28,Elon Musk moves to form a content moderation council for Twitter.
2022-10-28,Will Elon Musk be able to keep Twitterâ€™s advertisers happy?
2022-10-28,Antisemitic campaign tries to capitalize on Elon Muskâ€™s Twitter takeover.
2022-10-29,"Corrections: Oct. 29, 2022"
2022-10-29,Elon Musk Is Said to Have Ordered Job Cuts Across Twitter
2022-10-30,The Week in Business: Twitter Enters a New Era
2022-10-30,"Elon Musk, in a Tweet, Shares Link From Site Known to Publish False News"
2022-10-30,Can Elon Musk Make the Math Work on Owning Twitter? Itâ€™s Dicey.
2022-10-31,Sparks Fly as Musk Moves Fast to Remake Twitter
2022-11-01,Twitter in the Time of Elon Musk
2022-11-01,Elon Musk May Yet Meet Twitter Executives in Court
2022-11-01,Security Training Group Asks Musk to Rid Twitter of Antisemitism
2022-11-01,Elon Muskâ€™s Twitter Faces Exodus of Advertisers and Executives
2022-11-01,Elon Muskâ€™s Biggest Problem on Twitter May Be Its Advertisers
2022-11-02,Stephen Colbert Isnâ€™t Amused by Elon Muskâ€™s Plan to Monetize Twitter
2022-11-02,"For Elon Musk, Lessons From Friendster"
2022-11-02,Why Does Twitter Verify Some Accounts?
2022-11-02,Elon Musk Takes a Page Out of Mark Zuckerbergâ€™s Social Media Playbook
2022-11-03,"Elon Musk, Under Financial Pressure, Pushes to Make Money From Twitter"
2022-11-04,Elon Musk Begins Layoffs at Twitter
2022-11-04,Life Under Musk: Two Twitter Employees Speak Out
2022-11-04,The Ax Falls for Twitter Employees
2022-11-04,The Best of Late Night This Week
2022-11-04,We Pay an Ugly Cost for Ads on Twitter
2022-11-04,Twitterâ€™s Advertisers Pull Back as Layoffs Sweep Through Company
2022-11-04,Confusion and Frustration Reign as Elon Musk Cuts Half of Twitterâ€™s Staff
2022-11-04,"On Twitter, Who Needs a Check Mark When You Can Have a Rat?"
2022-11-04,What Twitterâ€™s Shake-Up Could Mean: Midterm Misinformation Run Amok
2022-11-05,Twitter Begins Offering $7.99-a-Month Verification Subscriptions
2022-11-06,"Indigenous Voters, Gaining Influence, Look to Mobilize"
2022-11-07,What Is Mastodon and Why Are People Leaving Twitter for It?
2022-11-07,"Resistance to misinformation is weakening on Twitter, a report found."
2022-11-07,"Facing a Tide of Criticism, Elon Musk Is Tweeting Through It"
2022-11-08,Elon Musk Puts His Own Politics on Display on Election Day
2022-11-08,Is Divided Government Good? Donâ€™t Take Elonâ€™s Word for It.
2022-11-09,"On Twitter, Elon Musk Details His Plans for Twitterâ€™s Business"
2022-11-09,Elon Muskâ€™s Twitter Did Not Perform at Its Best on Election Day
2022-11-09,Rivian Lost $1.7 Billion in the Third Quarter
2022-11-10,"â€˜Economic Picture Ahead Is Dire,â€™ Elon Musk Tells Twitter Employees"
2022-11-10,Elon Musk Has No Idea What Heâ€™s Doing at Twitter
2022-11-11,"Trump, Musk and Kanye Are Twitter Poisoned"
2022-11-11,A Verified Mess: Turmoil From Twitter to FTX
2022-11-11,Two Weeks of Chaos: Inside Elon Muskâ€™s Takeover of Twitter
2022-11-11,"Hey, Elon Musk, Comedy Doesnâ€™t Want to Be Legal"
2022-11-12,The Problem With Letting Therapy-Speak Invade Everything
2022-11-13,The Week in Business: Mass Layoffs at Meta
2022-11-14,"If You Want to Understand How Dangerous Elon Musk Is, Look Outside America"
2022-11-14,Elon Musk Faces His Waterloo
2022-11-14,"Twitter Users, Sensing the End of an Era, Confess Their Secrets"
2022-11-15,What Riding in a Self-Driving Tesla Tells Us About the Future of Autonomy
2022-11-15,When Breaking News Is a Tweet Away
2022-11-15,Elon Musk Fires Twitter Employees Who Criticized Him
2022-11-16,How to Prepare for Life After Twitter
2022-11-16,Elon Musk Heads to Court to Defend His Billions in Tesla Pay
2022-11-16,Elon Musk Tells a Court He Had Little Say in His Giant Tesla Pay
2022-11-16,Elon Musk Gives Twitter Employees a Deadline to Stay or Leave
2022-11-17,SpaceX Employees Say They Were Fired for Speaking Up About Elon Musk
2022-11-17,Resignations Roil Twitter as Elon Musk Tries Persuading Some Workers to Stay
2022-11-18,Twitterâ€™s Nest Gets a Little Emptier
2022-11-18,I Was the Head of Trust and Safety at Twitter. This Is What Could Become of It.
2022-11-18,"Elon Muskâ€™s Twitter Teeters on the Edge After Another 1,200 Leave"
2022-11-19,"Facebook Is a Freak Show Ghost Town, and Iâ€™m Loving It"
2022-11-20,Elon Musk Reinstates Trumpâ€™s Twitter Account
2022-11-20,I Studied Trumpâ€™s Twitter Use for Six Years. Prepare for the Worst.
2022-11-20,Seven Months on a Strict Twitter Diet
2022-11-21,What Elon Musk Is Doing to Twitter Is What He Did at Tesla and SpaceX
2022-11-22,Elon Musk and the Turmoil at Twitter
2022-11-22,Elon Muskâ€™s Twitter Role Puts Tesla Board Under New Scrutiny
2022-11-22,"As Elon Musk Cuts Costs at Twitter, Some Bills Are Going Unpaid"
2022-11-23,"Adult Performers, Trump Supporters and Parodies: Who Is Paying for Twitter?"
2022-11-23,Saluting in Solidarity
2022-11-23,"The Worst Midnight Email From the Boss, Ever"
2022-11-23,Losses Pile Up in FTX Bankruptcy Turmoil
2022-11-28,"Sympathy, and Job Offers, for Twitterâ€™s Misinformation Experts"
2022-11-28,"Elon Musk Takes On Appleâ€™s Power, Setting Up a Clash"
2022-11-29,Elon Musk Takes on a Goliath
2022-11-30,Elon Musk Is Finding Out That Free Speech Isnâ€™t Rocket Science
2022-11-30,President Zelensky of Ukraine rebukes Elon Muskâ€™s peace proposal.
2022-11-30,Zelensky Derides Muskâ€™s Peace Proposal for Ukraine and Russia
2022-12-01,Mike Pence Plays to the G.O.P. Base From a Times Stage
2022-12-01,Elon Musk Says â€˜Misunderstandingâ€™ With Apple Is Resolved
2022-12-01,Elon Musk Hopes to Test a Brain Implant in Humans Next Year
2022-12-01,Ron DeSantis Is an Optical Illusion
2022-12-02,Kanye West Is Suspended From Twitter After Posting a Swastika
2022-12-02,Elonâ€™s Two-Day War with Apple + How to Beat an A.I. Censor + S.B.F.â€™s â€˜Bad Monthâ€™
2022-12-02,"Hate Speechâ€™s Rise on Twitter Is Unprecedented, Researchers Find"
2022-12-05,"Elon Musk, Matt Taibbi, and a Very Modern Media Maelstrom"
2022-12-10,A Political Theory of King Elon Musk
2022-12-11,The Great Delusion Behind Twitter
2022-12-12,Elon Muskâ€™s Latest Jab from the Right
2022-12-13,Musk Shakes Up Twitterâ€™s Legal Team as He Looks to Cut More Costs
2022-12-14,Twitter Suspends Over 25 Accounts That Track Billionairesâ€™ Private Planes
2022-12-15,Jimmy Kimmel Jokes About Elon Muskâ€™s Business Acumen
2022-12-15,Elon Musk Sells Another Big Chunk of Tesla Stock
2022-12-16,Twitter Suspends Accounts of Half a Dozen Journalists
2022-12-16,"Elon Musk, Management Guru?"
2022-12-16,Twitter Suspensions Draw International Outrage
2022-12-16,Musk Faces Growing Anger Over Twitter Ban of Journalists
2022-12-17,"In Suspending Journalists on Twitter, Musk Flexes His Media Muscle"
2022-12-17,Twitter Reinstates Suspended Accounts of Several Journalists
2022-12-18,Twitter to Ban Accounts That Promote Rival Social Media
2022-12-19,â€˜The Last Strawâ€™: Twitter Users Rage Over Elon Muskâ€™s Latest Actions
2022-12-19,Teslaâ€™s Direct Sales Model Helps It Thwart Customer Lawsuits
2022-12-19,Elon Musk Keeps Silent After Twitter Users Say He Should Quit as Boss
2022-12-19,Elizabeth Warren Prods Tesla About Elon Musk and Twitter
2022-12-21,Elon Musk Says He Will Resign as Twitter C.E.O. When He Finds Successor
2022-12-21,Elon Muskâ€™s Succession Plan Comes with Strings Attached
2022-12-21,Elon Muskâ€™s Distraction Is Just One of Teslaâ€™s Problems
2022-12-22,Quotation of the Day: Muskâ€™s Tweets Only Aggravate Teslaâ€™s Troubles
2022-12-22,Musk Lifted Bans for Thousands on Twitter. Hereâ€™s What Theyâ€™re Tweeting.
2022-12-23,Americans Are Realizing Tesla Isnâ€™t the Only Electric Car
2022-12-23,She Worked for Twitter. Then She Tweeted at Elon Musk.
2022-12-25,The Week in Business: Who Comes After Elon Musk?
2022-12-27,Did the Tesla Story Ever Make Sense?
2022-12-29,Twitter Users Report Widespread Service Interruptions
2022-12-29,"Whatâ€™s Gone at Twitter? A Data Center, Janitors, Some Toilet Paper."
2022-12-30,The Year the Long Stock Market Rally Ended
2022-12-30,"In a Bad Year for Stocks, Tesla Plunged 65%"
2023-01-02,"Tesla Car Sales Grow Slower Than Expected, Amplifying Concerns"
2023-01-04,Tesla Bulls Brace for a Rough Year Ahead
2023-01-05,Tesla Sales in China Slump as Competition Intensifies
2023-01-05,Mercedes-Benz Plans to Build U.S. Electric Car Charging Network
2023-01-11,Twitter Said to Consider Selling User Names to Boost Revenue
2023-01-11,Electric Vehicles Keep Defying Almost Everyoneâ€™s Predictions
2023-01-13,Tesla Cuts Prices Sharply as It Moves to Bolster Demand
2023-01-17,Elon Musk Goes to Trial Over His 2018 Plan to Take Tesla Private
2023-01-17,Elon Muskâ€™s Appetite for Destruction
2023-01-17,"Want a Giant Neon Twitter Bird? Youâ€™ll Have to Bid More Than $17,000."
2023-01-20,Elonâ€™s Crumbling Empire and Generative A.I. Goes to Court
2023-01-20,"Elon Musk Said Davos Isnâ€™t Fun. Well, Is It?"
2023-01-20,Elon Musk Says His Social Media Posts Did Not Drive Teslaâ€™s Stock Price
2023-01-22,"As Deepfakes Flourish, Countries Struggle With Response"
2023-01-23,Elon Musk Says He Could Have Raised Funds to Take Tesla Private
2023-01-24,Elon Musk Said Tesla Buyout Plan Didnâ€™t Involve â€˜a Specific Numberâ€™
2023-01-24,Tesla Will Build Heavy Trucks at a New Factory in Nevada
2023-01-25,Teslaâ€™s Profit Jumped 12% in Fourth Quarter
2023-01-26,Tesla Bulls Are Back at the Wheel
2023-01-27,Mr. Musk Goes to Washington
2023-01-30,Ford Follows Tesla in Cutting Electric Vehicle Prices
2023-01-31,Man Who Drove Family Off Cliff in Tesla Is Charged With Attempted Murder
2023-01-31,"This Mogul Lost $36 Billion in Days. Who Is He, and What Happened?"
2023-01-31,G.M. Posts Solid Profit as It Pushes to Take On Tesla in E.V.s
2023-01-31,Teslaâ€™s Self-Driving Technology Comes Under Justice Dept. Scrutiny
2023-02-01,"Dissecting Elon Muskâ€™s Tweets: Memes, Rants, Private Parts and an Echo Chamber"
2023-02-03,Jury Rules for Elon Musk and Tesla in Investor Lawsuit Over Tweets
2023-02-04,"Advisory Firm Sues Elon Muskâ€™s Twitter, Saying It Hasnâ€™t Been Paid"
2023-02-06,Teslaâ€™s Pickup Truck Is Coming Soon. Maybe.
2023-02-06,"For Better and for Worse, Elon Musk Is His Own Spokesman"
2023-02-08,Twitter Glitches Pile Up as Key Features Fail
2023-02-09,Elon Musk doesnâ€™t want his satellites to run Ukraineâ€™s drones.
2023-02-13,The Winners and Losers from Super Bowl LVII
2023-02-14,Tesla Workers in Buffalo Begin Union Drive
2023-02-15,Tesla Will Open Some Chargers to All Electric Vehicles
2023-02-16,"Tesla Fired Buffalo Workers Seeking to Organize, Union Says"
2023-02-16,"Tesla to Recall 362,000 Cars With Its â€˜Full Self Drivingâ€™ System"
2023-02-21,Judge Hears Arguments in Suit Over Muskâ€™s Tesla Pay
2023-02-26,The Sunday Read: â€˜Elon Muskâ€™s Appetite for Destructionâ€™
2023-02-27,"In Latest Round of Job Cuts, Twitter Is Said to Lay Off at Least 200 Employees"
2023-02-27,Musk Claims Media Bias in Debate Over â€˜Dilbertâ€™ Creatorâ€™s Racist Rant
2023-02-28,â€˜Sometimes Things Breakâ€™: Twitter Outages Are on the Rise
2023-03-01,Tesla Offers a New â€˜Master Planâ€™ but Few Big Revelations
2023-03-02,Oklahoma Wants to Be the â€˜Next Texas.â€™ Imagine That.
2023-03-03,"Everyone Pivots to A.I., and Bad News for Crypto"
2023-03-03,"Tesla Could Start Making Cars in Mexico Next Year, Governor Says"
2023-03-04,A 120-Year-Old Company Is Leaving Tesla in the Dust
2023-03-05,Multiverse Chic
2023-03-07,Elon Musk Says Twitterâ€™s Finances Are Improving After Big Cuts
2023-03-08,F.T.C. Intensifies Investigation of Twitterâ€™s Privacy Practices
2023-03-10,â€˜I Donâ€™t Know Why Heâ€™s Not More Famous.â€™ Meet the Man Republicans Canâ€™t Get Enough Of.
2023-03-17,Twitterâ€™s Talks Over Licensing Music Are Said to Stall Under Musk
2023-03-25,"Welcome to Muskville, Texas"
2023-03-26,Elon Musk Values Twitter at $20 Billion
2023-03-26,Twitter Says Parts of Its Source Code Were Leaked Online
2023-03-29,"Elon Musk and Others Call for Pause on A.I., Citing â€˜Profound Risks to Societyâ€™"
2023-03-30,Elon Musk Tried to Meet With F.T.C. Chair About Twitter but Was Rebuffed
2023-04-02,Tesla Sales Rose in the First Quarter
2023-04-03,Jury Says Tesla Must Pay Worker $3.2 Million Over Racist Treatment
2023-04-07,"Senior Twitter Lawyer Resigns, the Latest in a Series of Executive Departures"
2023-04-07,How Elon Musk Is Changing the Twitter Experience
2023-04-10,Elon Musk Says Tesla Will Build Shanghai Battery Factory
2023-04-12,Elon Musk Addresses the â€˜Painfulâ€™ Side of Running Twitter
2023-04-14,"Twitter Is Broken. Thanks, Elon."
2023-04-14,Tech Leaders Blamed San Francisco for Bob Leeâ€™s Killing. Then Came the Arrest.
2023-04-15,April 20: SpaceX may launch its Starship moon and Mars rocket to space for the first time.
2023-04-16,"Bellyflops, Booms and Big Rockets: A Recap of SpaceXâ€™s Starship Tests"
2023-04-17,U.S. Car Brands Will Benefit Most From Electric Car Tax Breaks
2023-04-19,Teslaâ€™s Profit Dropped Sharply in First Quarter as It Cut Prices
2023-04-20,Starship Has Deep Financial and Symbolic Importance to Elon Musk
2023-04-20,How Elon Muskâ€™s Starship design and timeline has changed over seven years.
2023-04-20,Twitter Begins Removing Check Marks From Accounts
2023-04-21,Late Night Laughs at Elon Muskâ€™s SpaceX Explosion
2023-04-27,"Elon Musk Ramps Up A.I. Efforts, Even as He Warns of Dangers"
2023-05-03,"Jack Dorsey Has a Lot to Say, Including About Elon Musk and Twitter"
2023-05-09,"Tesla? Caviar? Boots? At These Resorts, Everythingâ€™s Included"
2023-05-10,Is Tucker Carlson Too Hot for Twitter to Handle?
2023-05-11,Elon Musk Says He Has a New C.E.O. for Twitter
2023-05-12,Tucker Carlson on Twitter Could Work Awfully Well
2023-05-12,China Orders Tesla to Recall 1.1 Million Vehicles Over Braking Risks
2023-05-12,Elon Musk Appoints Linda Yaccarino Twitterâ€™s New Chief
2023-05-12,"Elon Musk Makes Sense. Yes, Really."
2023-05-16,Musk Warns Tesla Shareholders to Expect â€œChallengingâ€ Year
2023-05-19,Office Workers Donâ€™t Hate the Office. They Hate the Commute.
2023-05-23,DeSantis Set to Announce 2024 Run on Twitter With Elon Musk
2023-05-24,Your Wednesday Briefing
2023-05-24,"After Nearly Collapsing, Indian Billionaireâ€™s Stock Is Back on the Rise"
2023-05-24,DeSantisâ€™s Big Event Underscores a Rightward Move for Twitter
2023-05-24,How to Listen to DeSantisâ€™s Presidential Announcement on Twitter
2023-05-24,Your Thursday Briefing: DeSantisâ€™s Presidential Run
2023-05-24,Who Is David Sacks? A Fitting Bridge Between DeSantis and Musk
2023-05-24,Elon Muskâ€™s Event With Ron DeSantis Exposes Twitterâ€™s Weaknesses
2023-05-27,How Twitter Shrank Elon Musk and Ron DeSantis
2023-06-05,Twitterâ€™s U.S. Ad Sales Plunge 59% as Woes Continue
2023-06-08,Tesla Will Open Its Charging Network to G.M.â€™s Electric Vehicles
2023-06-10,Giving Red America a Reason to Love Electric Vehicles
2023-06-14,"Music Publishers Sue Twitter, Accusing It of Copyright Infringement"
2023-06-16,Thereâ€™s No Uber or Lyft. There Is a Communal Tesla.
2023-06-17,The Space Industry Is Taking Off. Space Law Is Still a Mystery.
2023-06-22,Elon Musk Proposes â€˜Cage Matchâ€™ With Mark Zuckerberg
2023-06-27,Tesla May Have Already Won the Charging Wars
2023-06-27,"Lordstown Motors, an Electric Truck Maker, Files for Bankruptcy"
2023-06-29,Twitterâ€™s New Chief Eases Into the Hot Seat
2023-07-01,A â€˜Cage Matchâ€™ Between Elon Musk and Mark Zuckerberg May Be No Joke
2023-07-01,Musk Says Twitter Is Limiting Number of Posts Users Can Read
2023-07-02,Lithium Scarcity Pushes Carmakers Into the Mining Business
2023-07-02,Tesla Sales Surge as Tax Credits Fuel Demand
2023-07-07,Twitter Sues Law Firm Over $90 Million Payment in Elon Musk Deal
2023-07-08,Mark Zuckerbergâ€™s Threads Poses a Conundrum for Regulators
2023-07-13,â€˜Elon Musk Is Doing for Zuckerberg What Trump Did for George W. Bushâ€™
2023-07-13,The A.I. Wars Heat Up as Elon Musk and Meta Enter the Ring
2023-07-19,Teslaâ€™s Profit Rose in the Second Quarter as Price Cuts Spurred Demand
2023-07-20,Tesla Wants to Double the Size of Its European Assembly Plant
2023-07-23,Elon Musk Changes Twitter Logo to an X
2023-07-24,From Pet Cemetery Owner to Identity Thief to Best-Selling Ghostwriter
2023-07-24,Why Elon Musk Bid Twitter Goodbye
2023-07-24,From Twitter to X: Elon Musk Begins Erasing an Iconic Internet Brand
2023-07-25,G.M.â€™s Electric Vehicle Rollout Delayed by Slow Battery Production
2023-07-25,"X: The Brand, the Generation and Elon Musk"
2023-07-27,Elon Muskâ€™s Quixotic Quest to Turn X Into an â€˜Everything Appâ€™
2023-07-28,"Elonâ€™s X Machina, Crypto Orbs and a Visit to Googleâ€™s Robot Lab"
2023-07-28,Elon Muskâ€™s Unmatched Power in the Stars
2023-07-31,Twitter Threatens Legal Action Against Nonprofit That Tracks Hate Speech
2023-08-03,So What Do We Call Twitter Now Anyway?
2023-08-06,"With No Date Set, Musk and Zuckerberg Trade Barbs on â€˜Cage Matchâ€™"
2023-08-09,Elon Muskâ€™s Quest to Own the Stars
2023-08-13,Zuckerberg Says Itâ€™s â€˜Time to Move Onâ€™ From â€˜Cage Fightâ€™ With Musk
2023-08-24,"Listen: Elon Muskâ€™s Shadow Rule, BeyoncÃ© and Taylorâ€™s World, First Republican Debate"
2023-08-28,Tech Chiefs to Gather in Washington Next Month on A.I. Regulations
2023-09-04,"What Is Burning Man, and Why Have Paris Hilton and Elon Musk Shown Up?"
2023-09-08,Elon Musk Acknowledges Withholding Satellite Service to Thwart Ukrainian Attack
2023-09-08,F.A.A. Spells Out Needed Fixes for SpaceXâ€™s Starship Rocket
2023-09-08,Elon Musk Refused to Enable Ukraine Drone Attack on Russian Fleet
2023-09-09,â€˜Iâ€™m Not Trumpâ€™s Fanâ€™ and Other Takeaways From a New Book on Elon Musk
2023-09-09,Elon Musk Wants to Save Humanity. The Only Problem: People.
2023-09-10,Elon Muskâ€™s Antisemitism Problem Isnâ€™t About Free Speech
2023-09-11,A Q&A With Elon Muskâ€™s Biographer
2023-09-11,Elon Musk Has Crossed a Line
2023-09-12,"Putin, Citing Trump â€˜Persecution,â€™ Wades Back Into U.S. Politics"
2023-09-13,"In Show of Force, Silicon Valley Titans Pledge â€˜Getting This Rightâ€™ With A.I."
2023-09-13,Tech Leaders Gather for an A.I. Week in Washington
2023-09-15,Casey v. Kevin on U.S. v. Google + Walter Isaacson on Two Years With Elon Musk
2023-09-15,Elon Musk and Naomi Klein Are Complicated
2023-09-18,"Benjamin Netanyahu and Elon Musk Meet, as Both Seek to Deflect Criticism"
2023-09-20,"Corrections: Sept. 20, 2023"
2023-09-21,"For Tesla and Musk, Auto Strike Carries Benefits and Risks"
2023-09-21,A Theory of Elon Muskâ€™s Maniacal Drive
2023-09-27,C.E.O.s Donâ€™t Need to Be Monsters
2023-09-28,Federal Lawsuit Accuses Tesla of Racial Discrimination
2023-10-02,Teslaâ€™s Sales Slip as It Readies Factories for New Models
2023-10-05,"Chinaâ€™s E.V. Threat: A Carmaker That Loses $35,000 a Car"
2023-10-05,Elon Musk Says SpaceX Could Land on Mars in 3 to 4 Years
2023-10-05,S.E.C. Sues Elon Musk to Compel Him to Testify on Twitter Purchase
2023-10-11,Autonomous Vehicles Are Driving Blind
2023-10-11,The Israel-Gaza War Inflames Social Media
2023-10-12,"Elon Musk, Kamala Harris, Jamie Dimon Will Speak at the DealBook Summit"
2023-10-12,E.U. Probes Elon Muskâ€™s X Platform Over Violent Israel-Hamas War Content
2023-10-15,Australia Fines X for Not Providing Information on Child Abuse Content
2023-10-16,Bill Ford Says U.A.W. Strike Is Helping Tesla and Toyota
2023-10-18,Teslaâ€™s Profits Plunge 44% After Big Price Cuts
2023-10-19,"Can Twitter, uh, X, Survive Elon Musk?"
2023-10-20,It Is Impossible to Know What to Believe in This Hideous War
2023-10-23,Nonunion Workers Are Playing a Big Role in the Autoworkersâ€™ Strike
2023-10-23,"Federal Investigators Widen Tesla Inquiry, Company Says"
2023-10-27,How Elon Musk Changed the Meaning of Twitter for Users
2023-10-27,Does Society Really Need More Elon Musks?
2023-10-27,The Consequences of Elon Muskâ€™s Ownership of X
2023-10-30,"X Says It Is Worth $19 Billion, Down From $44 Billion Last Year"
2023-10-30,"Union Victories May Lift Biden, as U.A.W. Targets Tesla and Others"
2023-11-02,Elon Musk Discusses Perils and Benefits of A.I. With Rishi Sunak
2023-11-05,Job Action Against Tesla Puts Swedenâ€™s Unions in Spotlight
2023-11-07,Workers in Sweden Will Expand Strike Against Tesla
2023-11-08,The Traffic Jam in Low Earth Orbit
2023-11-10,Man vs. Musk: A Whistleblower Creates Headaches for Tesla
2023-11-16,X Races to Contain Damage After Elon Musk Endorses Antisemitic Post
2023-11-17,Advertisers Push Back at Social Media Firms over Antisemitism
2023-11-17,Unions in Sweden Expand Blockade Against Tesla
2023-11-17,White House Condemns Elon Musk for Spreading â€˜Antisemitic and Racist Hateâ€™
2023-11-17,Advertisers Flee X as Outcry Over Muskâ€™s Endorsement of Antisemitic Post Grows
2023-11-18,What happened during SpaceXâ€™s Starship test flight.
2023-11-18,SpaceX Makes Progress in 2nd Launch of Giant Moon and Mars Rocket
2023-11-18,More Advertisers Halt Spending on X in Growing Backlash Against Musk
2023-11-19,"The White House May Condemn Musk, but the Government Is Addicted to Him"
2023-11-20,Why on Earth Are Jewish Leaders Praising Elon Musk?
2023-11-24,X May Lose Up to $75 Million in Revenue as More Advertisers Pull Out
2023-11-27,Elon Musk Visits Israel Amid Backlash Against His Endorsement of Antisemitic Post
2023-11-28,Tesla Sues Swedish Transport Agency in Dispute Over License Plates
2023-11-29,"Elon Musk, Kamala Harris, Isaac Herzog: Takeaways from the 2023 DealBook Summit"
2023-11-29,U.A.W. Announces Drive to Organize Nonunion Plants
2023-11-29,Elon Musk Uses a Crude Insult to Slam Advertisers for Pulling Back From X.
2023-11-30,Elon Musk Apologizes for Endorsing Antisemitic Conspiracy Theory
2023-11-30,Pickup or Lunar Lander? Teslaâ€™s Cybertruck Enters a Crowded Market.
2023-11-30,Elon Muskâ€™s Mindset: â€˜Itâ€™s a Weakness to Be Likedâ€™
2023-11-30,"Muskâ€™s Bombshell Warning to Advertisers, and Other Summit Highlights"
2023-12-01,Quotation of the Day: Pickup or Lunar Lander? Teslaâ€™s Cybertruck Arrives.
2023-12-01,The Fallout From Muskâ€™s Profanity-Laden Attack on Advertisers Isnâ€™t Over
2023-12-01,"Listen: Elon Musk, BeyoncÃ©, Best Books of Year"
2023-12-01,Elon Musk Is Making a Giant Mistake â€¦ Unless?
2023-12-03,"Ego, Fear and Money: How the A.I. Fuse Was Lit"
2023-12-07,Tesla Is Fighting With Swedenâ€™s Unions. Hereâ€™s What to Know.
2023-12-09,Elon Musk Brings Conspiracy Theorist Alex Jones Back to X
2023-12-13,Tesla Recalls Autopilot Software in 2 Million Vehicles
2023-12-13,What Car Owners Should Know About the Tesla Autopilot Recall
2023-12-18,Illicit Content on Elon Muskâ€™s X Draws E.U. Investigation
2023-12-27,Tesla Strike Is a Culture Clash: Swedish Labor vs. American Management
2023-12-31,The Problem of Misinformation in an Era Without Trust
2024-01-02,Tesla Sales Rebound After Steep Price Cuts
2024-01-03,"SpaceX Illegally Fired Workers Critical of Musk, Federal Agency Says"
2024-01-05,Tesla Recalls 1.6 Million Cars in China to Fix Self-Driving Systems
2024-01-09,A Luxurious Lean-to in Sonoma County
2024-01-11,Hertz Will Shrink Electric Fleet After Being Burned by Teslaâ€™s Price Cuts
2024-01-12,"Why Casey Left Substack, Elon Musk and Drugs, and an A.I. Antibiotic Discovery"
2024-01-12,Tesla and Volvo to pause production in Europe after Red Sea attacks.
2024-01-16,Musk Demands Bigger Stake in Tesla as Price for A.I. Work
2024-01-19,Can Elon Musk Really Do That?
2024-01-22,"Elon Musk, on Rehabilitation Tour, Calls Himself â€˜Aspirationally Jewishâ€™"
2024-01-24,Tesla Profit From Car Sales Falls as Price Cuts Hurt
2024-01-25,Tesla Tumbles as Growth Slows
2024-01-25,"Elon Musk Is Spreading Election Misinformation, but Xâ€™s Fact Checkers Are Long Gone"
2024-01-30,"Neuralink Implanted a Device in a Patientâ€™s Brain, Elon Musk Says"
2024-01-30,Elon Muskâ€™s Tesla Pay Package Is Voided by Judge
2024-01-31,What Elon Musk Could Lose After His Big Pay Deal Is Blocked
2024-02-02,Tesla Recalls About 2.2 Million Electric Vehicles Over Warning Light Font Size
2024-02-02,The Big Number: $50 Billion
2024-02-06,"Stop Wearing Vision Pro Goggles While Driving Your Tesla, U.S. Says"
2024-02-07,Elon Musk Is Funding Ex-â€˜Mandalorianâ€™ Actressâ€™s Suit Against Disney
2024-02-12,"How China Built BYD, Its Tesla Killer"
2024-02-14,"Terrorists Are Paying for Check Marks on X, Report Says"
2024-02-15,Teslaâ€™s Chair Under Scrutiny for Oversight of Elon Musk
2024-02-15,"SpaceX Is Now Incorporated in Texas, Elon Musk Says"
2024-02-15,Elon Musk Extends His Anywhere-but-Delaware Campaign
2024-02-16,"18 Years Old, Twitter â€” Now X â€” Behaves Like a Sullen Teen"
2024-02-19,Let Tesla Expand? Three German Teens Have a Few Thoughts.
2024-02-21,Let Tesla Expand? Germans Vote No.
2024-03-01,Elon Musk Sues OpenAI and Sam Altman for Violating the Companyâ€™s Principles
2024-03-01,Why Elon Musk Is Taking OpenAI and Sam Altman to Court
2024-03-01,What Elon Musk and Sam Altman Said About Each Other
2024-03-02,Why Elon Muskâ€™s OpenAI Lawsuit Leans on A.I. Research From Microsoft
2024-03-02,The Paradox at the Heart of Elon Muskâ€™s OpenAI Lawsuit
2024-03-02,The Big Questions Raised by Elon Muskâ€™s Lawsuit Against OpenAI
2024-03-03,Why Elon Musk Is the Second Most Important Person in MAGA
2024-03-04,Former Twitter Executives Sue Elon Musk for $128 Million
2024-03-05,Tesla Halts Production in Germany After Suspected Arson
2024-03-06,"Donald Trump, Seeking Cash Infusion, Meets With Elon Musk"
2024-03-06,OpenAI Says Elon Musk Tried to Merge It With Tesla
2024-03-06,"Off the Board Game, Onto the Digital Canvas"
2024-03-08,"Musk vs. OpenAI, Europeâ€™s Tech Crackdown and a Month With the Vision Pro"
2024-03-09,"They Married, Divorced and Then Married Their Ex-Spouses Again"
2024-03-10,Elon Musk Has a Giant Charity. Its Money Stays Close to Home.
2024-03-10,Elon Musk Has a Giant Charity. Its Money Stays Close to Home.
2024-03-13,"After Testy Interview With Elon Musk, Don Lemon Says His Deal With X Is Canceled"
2024-03-14,What Is SpaceXâ€™s Starship? Itâ€™s Really a Mars Ship.
2024-03-14,Jeff Bezosâ€™s rocket company could race SpaceX to the moon.
2024-03-14,SpaceX Blazes Forward With Latest Starship Launch
2024-03-14,Why Taiwan Is Building a Satellite Network Without Elon Musk
2024-03-15,Tesla Settles Discrimination Suit With Former Factory Worker
2024-03-17,"In Latest A.I. War Escalation, Elon Musk Releases Chatbot Code"
2024-03-18,What Elon Musk Said in Testy Interview on Don Lemonâ€™s New Show
2024-03-18,Teslaâ€™s Troubles Raise Questions About Its Invincibility
2024-03-19,U.S. Accuses Two Men of Stealing Tesla Trade Secrets
2024-03-23,Elon Musk Is Preoccupied With Something He Doesnâ€™t Understand
2024-03-27,A Pivot to China Saved Elon Musk. It Also Binds Him to Beijing.
2024-03-27,How Elon Musk Became â€˜Kind of Pro-Chinaâ€™
2024-04-01,Auto Execs Call for New Measures as E.V. Wars Heat Up
2024-04-02,"Teslaâ€™s Sales Drop, a Sign That Its Grip on the E.V. Market Is Slipping"
2024-04-03,"Israel Takes Responsibility for Strike That Killed Aid Workers, and Teslaâ€™s Sales Drop"
2024-04-03,What Teslaâ€™s Troubles Signal for the E.V. Revolution
2024-04-03,Partying on a Tuesday With Elon Musk and His 3-Year-Old
2024-04-09,Tesla Settles Lawsuit Over a Fatal Crash Involving Autopilot
2024-04-09,How Tesla Planted the Seeds for Its Own Potential Downfall
2024-04-12,Tell Us: Has Elon Muskâ€™s Behavior Affected How You View Tesla?
2024-04-15,Tesla Will Lay Off More Than 10% of Workers
2024-04-15,E.V. Sales Are Slowing. Teslaâ€™s Are Slumping.
2024-04-16,Has Tesla Peaked?
2024-04-17,Tesla Sets Up a New Showdown Over Elon Muskâ€™s Pay
2024-04-17,Tesla Seeks to Revive Muskâ€™s $47 Billion Pay Deal After Judge Says No
2024-04-19,Tesla Will Recall Cybertruck in Latest Setback
2024-04-22,How Can Elon Musk Reassure Tesla Investors?
2024-04-22,Elon Musk Wouldnâ€™t Be the First Car Company Founder to Flame Out
2024-04-23,"Teslaâ€™s Profit Fell 55%, Adding to Concerns About Its Strategy"
2024-04-24,Elon Musk Clashes With Australian Court Over Violent Videos on X
2024-04-25,Homes for Sale in New York and Connecticut
2024-04-26,"TikTok on the Clock, Teslaâ€™s Flop Era and How NASA Fixed a â€™70s-Era Space Computer"
2024-04-26,Auto Safety Regulator Investigating Tesla Recall of Autopilot
2024-04-29,Who Gains From Elon Muskâ€™s Visit to China?
2024-04-29,Tesla Reaches Deals in China on Self-Driving Cars
2024-04-30,That Strange Piece of Metal Origami Embodies All Elon Muskâ€™s Flaws
2024-05-04,Tesla Pullback Puts Onus on Others to Build Electric Vehicle Chargers
2024-05-07,The New Players in Brazilian Politics? Elon Musk and Republicans.
2024-05-07,"With or Without Tesla, More E.V. Chargers Are Coming"
2024-05-12,Elon Muskâ€™s Diplomacy: Woo Right-Wing World Leaders. Then Benefit.
2024-05-17,Openwashing
2024-05-22,"A Running Mateâ€™s History: $1 Billion, Cocaine, a Fling With Elon Musk"
2024-05-24,Try Living in Elon Muskâ€™s Company Town
2024-05-24,Elon Musk Ramps Up Anti-Biden Posts on X
2024-05-24,"ScarJo vs. ChatGPT, Neuralinkâ€™s First Patient Opens Up, and Microsoftâ€™s A.I. PCs"
2024-05-27,Muskâ€™s A.I. Firm Raises $6 Billion in Race With Rivals
2024-05-28,A Deadline Approaches on a Campaign Against Plastic Waste
2024-05-28,Elon Musk Dominates Space Launch. Rivals Are Calling Foul.
2024-05-30,Whatâ€™s Behind Elon Muskâ€™s Bromance with Donald Trump
2024-05-30,Elon Muskâ€™s X to Host Election Town Hall With Donald Trump
2024-05-31,Elon Musk Lobbies on X for His $46.5 Billion Tesla Pay Package
2024-06-02,How Internet Access Is Transforming Life in This Amazon Tribe
2024-06-06,SpaceXâ€™s Starship Rocket Successfully Completes 1st Return From Space
2024-06-08,Tesla Shareholders Will Vote on Elon Muskâ€™s Big Payday. What Happens Then?
2024-06-11,"To Understand Elon Muskâ€™s Descent, Look at His $46 Billion Pay Package"
2024-06-11,Elon Musk Withdraws His Lawsuit Against OpenAI and Sam Altman
2024-06-12,Tesla Investors to Decide if Musk Deserves $45 Billion Payday
2024-06-12,SpaceX Is Sued by Employees Fired After Criticizing Musk
2024-06-13,Tesla Share Price Is Its Own Referendum on Musk
2024-06-13,Teslaâ€™s Nordic Shareholders Seek to Promote Workersâ€™ Rights in Vote
2024-06-13,Tesla Shareholders Approve Big Stock Package for Musk
2024-06-13,"At X Staff Meetings, Executives Talk Up Return of Advertisers"
2024-06-14,Muskâ€™s Friends and Fans Applaud Shareholder Vote on His Payday
2024-06-14,"Apple Joins the A.I. Party, Elonâ€™s Wild Week and HatGPT"
2024-06-14,Muskâ€™s Tesla Pay Package Got Big Margin in Shareholder Vote
2024-06-14,What Elon Muskâ€™s Convincing Win Means for Tesla
2024-06-14,How Tesla Shareholders Upheld Elon Muskâ€™s Sky-High Pay
